starttime,endtime,mission,channel,class
2019-03-01T10:26:14.015000Z,2019-03-01T12:26:13.965000Z,Mars-SEIS,XB.ELYSE.02.BHU,0
2019-03-03T00:00:52.036000Z,2019-03-03T02:00:51.986000Z,Mars-SEIS,XB.ELYSE.02.BHU,0
2019-03-13T13:01:23.013000Z,2019-03-13T15:01:23.013000Z,Mars-SEIS,XB.ELYSE.02.BHU,0
2019-06-17T03:06:33.049000Z,2019-06-17T05:06:32.999000Z,Mars-SEIS,XB.ELYSE.02.BHU,0
2019-07-05T23:10:18.006000Z,2019-07-05T23:26:26.406000Z,Mars-SEIS,XB.ELYSE.02.BHU,1
2019-07-07T21:54:38.042000Z,2019-07-07T23:54:37.992000Z,Mars-SEIS,XB.ELYSE.02.BHU,0
2019-07-12T03:03:21.884000Z,2019-07-12T03:19:50.334000Z,Mars-SEIS,XB.ELYSE.02.BHU,1
2019-07-12T03:35:46.881000Z,2019-07-12T04:09:02.581000Z,Mars-SEIS,XB.ELYSE.02.BHU,1
2019-07-17T04:28:02.506000Z,2019-07-17T04:50:52.206000Z,Mars-SEIS,XB.ELYSE.02.BHU,1
2019-07-19T09:36:34.036000Z,2019-07-19T09:52:21.636000Z,Mars-SEIS,XB.ELYSE.02.BHU,1
2019-07-26T15:05:00.039000Z,2019-07-26T15:22:03.189000Z,Mars-SEIS,XB.ELYSE.02.BHU,1
2019-08-02T16:02:00.011000Z,2019-08-02T16:16:24.811000Z,Mars-SEIS,XB.ELYSE.02.BHU,1
2019-08-04T18:02:08.010000Z,2019-08-04T18:14:42.060000Z,Mars-SEIS,XB.ELYSE.02.BHU,1
2019-08-06T20:53:44.045000Z,2019-08-06T21:03:32.895000Z,Mars-SEIS,XB.ELYSE.02.BHU,1
2019-08-11T20:57:27.019000Z,2019-08-11T21:17:37.669000Z,Mars-SEIS,XB.ELYSE.02.BHU,1
2019-08-15T16:32:33.020000Z,2019-08-15T18:32:32.970000Z,Mars-SEIS,XB.ELYSE.02.BHU,0
2019-08-16T03:53:41.044000Z,2019-08-16T04:16:13.994000Z,Mars-SEIS,XB.ELYSE.02.BHU,1
2019-08-26T10:23:58.015000Z,2019-08-26T10:44:55.815000Z,Mars-SEIS,XB.ELYSE.02.BHU,1
2019-08-26T17:19:40.020000Z,2019-08-26T19:19:39.970000Z,Mars-SEIS,XB.ELYSE.02.BHU,0
2019-08-27T11:06:26.009000Z,2019-08-27T11:31:11.609000Z,Mars-SEIS,XB.ELYSE.02.BHU,1
2019-09-21T03:15:13.335000Z,2019-09-21T03:34:11.485000Z,Mars-SEIS,XB.ELYSE.02.BHU,1
2019-09-22T03:42:26.041000Z,2019-09-22T04:00:24.591000Z,Mars-SEIS,XB.ELYSE.02.BHU,1
2019-09-27T03:14:49.049000Z,2019-09-27T05:14:48.999000Z,Mars-SEIS,XB.ELYSE.02.BHU,0
2019-09-29T13:09:49.010000Z,2019-09-29T13:28:22.510000Z,Mars-SEIS,XB.ELYSE.02.BHU,1
2019-10-03T13:44:51.011000Z,2019-10-03T15:44:51.011000Z,Mars-SEIS,XB.ELYSE.02.BHU,0
2019-10-07T14:57:41.579000Z,2019-10-07T15:19:49.179000Z,Mars-SEIS,XB.ELYSE.02.BHU,1
2019-10-09T15:41:29.015000Z,2019-10-09T16:02:30.215000Z,Mars-SEIS,XB.ELYSE.02.BHU,1
2019-10-12T13:10:00.019000Z,2019-10-12T13:43:31.419000Z,Mars-SEIS,XB.ELYSE.02.BHU,1
2019-10-12T16:14:58.043000Z,2019-10-12T16:33:02.693000Z,Mars-SEIS,XB.ELYSE.02.BHU,1
2019-10-15T14:24:12.040000Z,2019-10-15T14:42:47.090000Z,Mars-SEIS,XB.ELYSE.02.BHU,1
2019-10-16T11:40:41.040000Z,2019-10-16T13:07:14.190000Z,Mars-SEIS,XB.ELYSE.02.BHU,0
2019-10-17T00:07:14.048000Z,2019-10-17T02:07:13.998000Z,Mars-SEIS,XB.ELYSE.02.BHU,0
2019-10-25T00:02:38.027000Z,2019-10-25T00:20:02.477000Z,Mars-SEIS,XB.ELYSE.02.BHU,1
2019-11-06T09:00:10.039000Z,2019-11-06T09:25:01.439000Z,Mars-SEIS,XB.ELYSE.02.BHU,1
2019-11-08T12:07:32.033000Z,2019-11-08T12:28:47.833000Z,Mars-SEIS,XB.ELYSE.02.BHU,1
2019-11-09T07:19:44.018000Z,2019-11-09T07:40:14.568000Z,Mars-SEIS,XB.ELYSE.02.BHU,1
2019-11-10T06:24:57.039000Z,2019-11-10T06:41:39.039000Z,Mars-SEIS,XB.ELYSE.02.BHU,1
2019-11-13T12:56:18.017000Z,2019-11-13T13:23:42.567000Z,Mars-SEIS,XB.ELYSE.02.BHU,1
2019-11-14T11:35:08.027000Z,2019-11-14T11:57:09.477000Z,Mars-SEIS,XB.ELYSE.02.BHU,1
2019-11-19T14:00:50.011000Z,2019-11-19T14:18:43.411000Z,Mars-SEIS,XB.ELYSE.02.BHU,1
2019-12-02T23:08:33.046000Z,2019-12-02T23:30:09.346000Z,Mars-SEIS,XB.ELYSE.02.BHU,1
2019-12-06T06:10:17.031000Z,2019-12-06T08:10:16.981000Z,Mars-SEIS,XB.ELYSE.02.BHU,0
2019-12-08T03:32:43.022000Z,2019-12-08T03:52:10.172000Z,Mars-SEIS,XB.ELYSE.02.BHU,1
2019-12-17T03:11:52.041000Z,2019-12-17T05:11:51.991000Z,Mars-SEIS,XB.ELYSE.02.BHU,0
2020-01-08T21:06:14.000000Z,2020-01-08T21:21:34.600000Z,Mars-SEIS,XB.ELYSE.02.BHU,1
2020-01-19T09:54:02.866000Z,2020-01-19T10:10:21.116000Z,Mars-SEIS,XB.ELYSE.02.BHU,1
2020-01-21T10:21:45.046000Z,2020-01-21T10:42:08.096000Z,Mars-SEIS,XB.ELYSE.02.BHU,1
2020-01-26T16:21:36.023000Z,2020-01-26T16:45:36.773000Z,Mars-SEIS,XB.ELYSE.02.BHU,1
2020-02-03T07:12:27.045000Z,2020-02-03T09:12:26.995000Z,Mars-SEIS,XB.ELYSE.02.BHU,0
2020-02-04T19:25:43.017000Z,2020-02-04T19:46:02.917000Z,Mars-SEIS,XB.ELYSE.02.BHU,1
2020-02-06T02:10:38.008000Z,2020-02-06T04:10:38.008000Z,Mars-SEIS,XB.ELYSE.02.BHU,0
2020-02-18T01:59:18.032000Z,2020-02-18T02:20:59.932000Z,Mars-SEIS,XB.ELYSE.02.BHU,1
2020-03-11T18:18:05.001000Z,2020-03-11T18:37:19.801000Z,Mars-SEIS,XB.ELYSE.02.BHU,1
2020-03-15T08:38:43.012000Z,2020-03-15T10:38:43.012000Z,Mars-SEIS,XB.ELYSE.02.BHU,0
2020-04-14T14:07:53.008000Z,2020-04-14T16:07:52.958000Z,Mars-SEIS,XB.ELYSE.02.BHU,0
2020-04-21T17:36:43.000000Z,2020-04-21T19:36:43.000000Z,Mars-SEIS,XB.ELYSE.02.BHU,0
2020-04-23T14:12:59.017000Z,2020-04-23T16:12:58.967000Z,Mars-SEIS,XB.ELYSE.02.BHU,0
2020-05-08T22:20:36.021000Z,2020-05-09T00:20:35.971000Z,Mars-SEIS,XB.ELYSE.02.BHU,0
2020-05-11T11:54:31.039000Z,2020-05-11T12:16:08.589000Z,Mars-SEIS,XB.ELYSE.02.BHU,1
2020-06-05T15:13:11.030000Z,2020-06-05T17:13:10.980000Z,Mars-SEIS,XB.ELYSE.02.BHU,0
2020-06-15T16:17:09.011000Z,2020-06-15T18:17:09.011000Z,Mars-SEIS,XB.ELYSE.02.BHU,0
2020-06-27T06:11:25.043000Z,2020-06-27T08:11:24.993000Z,Mars-SEIS,XB.ELYSE.02.BHU,0
2020-07-20T23:30:36.027000Z,2020-07-21T01:30:35.977000Z,Mars-SEIS,XB.ELYSE.02.BHU,0
2020-08-03T15:47:43.039000Z,2020-08-03T17:47:42.989000Z,Mars-SEIS,XB.ELYSE.02.BHU,0
2020-08-16T21:52:49.039000Z,2020-08-16T23:52:48.989000Z,Mars-SEIS,XB.ELYSE.02.BHU,0
2020-08-21T23:06:18.045000Z,2020-08-22T01:06:17.995000Z,Mars-SEIS,XB.ELYSE.02.BHU,0
2020-08-27T15:33:30.041000Z,2020-08-27T17:33:29.941000Z,Mars-SEIS,XB.ELYSE.02.BHU,0
2020-08-28T11:23:26.007000Z,2020-08-28T13:23:25.957000Z,Mars-SEIS,XB.ELYSE.02.BHU,0
2020-09-18T19:20:44.014000Z,2020-09-18T21:20:44.014000Z,Mars-SEIS,XB.ELYSE.02.BHU,0
2020-09-29T03:30:09.009000Z,2020-09-29T05:30:09.009000Z,Mars-SEIS,XB.ELYSE.02.BHU,0
2020-09-30T03:38:10.009000Z,2020-09-30T05:38:10.009000Z,Mars-SEIS,XB.ELYSE.02.BHU,0
2020-10-23T07:32:53.019000Z,2020-10-23T09:32:52.969000Z,Mars-SEIS,XB.ELYSE.02.BHU,0
2020-10-26T10:58:43.020000Z,2020-10-26T12:58:42.970000Z,Mars-SEIS,XB.ELYSE.02.BHU,0
2020-10-27T02:55:52.016000Z,2020-10-27T04:55:51.966000Z,Mars-SEIS,XB.ELYSE.02.BHU,0
2020-10-29T02:31:21.023000Z,2020-10-29T04:31:20.973000Z,Mars-SEIS,XB.ELYSE.02.BHU,0
2020-11-11T23:11:18.017000Z,2020-11-12T01:11:17.967000Z,Mars-SEIS,XB.ELYSE.02.BHU,0
2020-12-13T12:06:40.005000Z,2020-12-13T14:06:39.955000Z,Mars-SEIS,XB.ELYSE.02.BHU,0
2020-12-19T10:09:04.596000Z,2020-12-19T10:23:59.196000Z,Mars-SEIS,XB.ELYSE.02.BHU,1
2020-12-21T08:01:14.032000Z,2020-12-21T10:01:13.982000Z,Mars-SEIS,XB.ELYSE.02.BHU,0
2020-12-22T03:19:19.037000Z,2020-12-22T05:19:18.987000Z,Mars-SEIS,XB.ELYSE.02.BHU,0
2021-01-13T06:44:26.038000Z,2021-01-13T08:44:25.988000Z,Mars-SEIS,XB.ELYSE.02.BHU,0
2021-01-20T21:15:32.001000Z,2021-01-20T23:15:32.001000Z,Mars-SEIS,XB.ELYSE.02.BHU,0
2021-02-01T08:52:53.029000Z,2021-02-01T10:52:52.979000Z,Mars-SEIS,XB.ELYSE.02.BHU,0
2021-02-11T20:14:21.725000Z,2021-02-11T20:33:12.125000Z,Mars-SEIS,XB.ELYSE.02.BHU,1
2021-03-19T22:55:15.016000Z,2021-03-20T00:55:14.966000Z,Mars-SEIS,XB.ELYSE.02.BHU,0
2021-03-21T13:59:31.041000Z,2021-03-21T15:59:30.991000Z,Mars-SEIS,XB.ELYSE.02.BHU,0
2021-05-02T01:22:15.880000Z,2021-05-02T01:41:48.330000Z,Mars-SEIS,XB.ELYSE.02.BHU,1
2021-05-07T20:57:39.195000Z,2021-05-07T21:19:58.095000Z,Mars-SEIS,XB.ELYSE.02.BHU,1
2021-05-09T10:28:08.046000Z,2021-05-09T12:28:07.946000Z,Mars-SEIS,XB.ELYSE.02.BHU,0
2021-05-10T03:31:16.358000Z,2021-05-10T03:49:47.658000Z,Mars-SEIS,XB.ELYSE.02.BHU,1
2021-05-14T23:40:08.040000Z,2021-05-15T01:40:07.990000Z,Mars-SEIS,XB.ELYSE.02.BHU,0
2021-05-19T01:05:53.038000Z,2021-05-19T03:05:52.988000Z,Mars-SEIS,XB.ELYSE.02.BHU,0
2021-05-20T07:40:43.271000Z,2021-05-20T08:00:02.371000Z,Mars-SEIS,XB.ELYSE.02.BHU,1
2021-05-25T10:28:37.338000Z,2021-05-25T10:45:51.038000Z,Mars-SEIS,XB.ELYSE.02.BHU,1
2021-05-29T10:27:05.879000Z,2021-05-29T10:42:39.829000Z,Mars-SEIS,XB.ELYSE.02.BHU,1
2021-05-30T10:22:11.020000Z,2021-05-30T12:22:10.970000Z,Mars-SEIS,XB.ELYSE.02.BHU,0
2021-06-13T22:05:22.062000Z,2021-06-13T22:31:20.962000Z,Mars-SEIS,XB.ELYSE.02.BHU,1
2021-06-14T23:04:56.681000Z,2021-06-14T23:21:17.981000Z,Mars-SEIS,XB.ELYSE.02.BHU,1
2021-06-22T02:59:26.615000Z,2021-06-22T03:16:56.965000Z,Mars-SEIS,XB.ELYSE.02.BHU,1
2021-06-22T16:47:33.008000Z,2021-06-22T18:47:32.908000Z,Mars-SEIS,XB.ELYSE.02.BHU,0
2021-06-25T07:31:40.013000Z,2021-06-25T09:31:39.963000Z,Mars-SEIS,XB.ELYSE.02.BHU,0
2021-06-27T05:31:55.553000Z,2021-06-27T05:44:09.703000Z,Mars-SEIS,XB.ELYSE.02.BHU,1
2021-06-28T22:06:36.012000Z,2021-06-29T00:06:35.912000Z,Mars-SEIS,XB.ELYSE.02.BHU,0
2021-06-29T11:25:44.426000Z,2021-06-29T11:38:54.376000Z,Mars-SEIS,XB.ELYSE.02.BHU,1
2021-07-02T11:08:42.868000Z,2021-07-02T11:30:00.368000Z,Mars-SEIS,XB.ELYSE.02.BHU,1
2021-07-03T10:14:44.968000Z,2021-07-03T10:34:07.918000Z,Mars-SEIS,XB.ELYSE.02.BHU,1
2021-07-14T13:45:19.034000Z,2021-07-14T15:45:18.934000Z,Mars-SEIS,XB.ELYSE.02.BHU,0
2021-07-17T20:20:50.630000Z,2021-07-17T20:41:58.830000Z,Mars-SEIS,XB.ELYSE.02.BHU,1
2021-07-21T21:40:43.026000Z,2021-07-21T23:40:42.976000Z,Mars-SEIS,XB.ELYSE.02.BHU,0
2021-07-23T01:27:33.530000Z,2021-07-23T01:49:36.880000Z,Mars-SEIS,XB.ELYSE.02.BHU,1
2021-07-25T23:59:56.336000Z,2021-07-26T00:19:44.836000Z,Mars-SEIS,XB.ELYSE.02.BHU,1
2021-08-14T13:26:21.178000Z,2021-08-14T13:47:03.278000Z,Mars-SEIS,XB.ELYSE.02.BHU,1
2021-08-18T01:45:06.116000Z,2021-08-18T02:03:55.266000Z,Mars-SEIS,XB.ELYSE.02.BHU,1
2021-08-20T20:21:37.051000Z,2021-08-20T20:45:02.601000Z,Mars-SEIS,XB.ELYSE.02.BHU,1
2021-08-22T22:06:19.026000Z,2021-08-23T00:06:18.926000Z,Mars-SEIS,XB.ELYSE.02.BHU,0
2021-08-24T04:46:55.176000Z,2021-08-24T05:08:26.526000Z,Mars-SEIS,XB.ELYSE.02.BHU,1
2021-09-04T04:33:54.019000Z,2021-09-04T06:33:53.919000Z,Mars-SEIS,XB.ELYSE.02.BHU,0
2021-09-05T05:18:58.057000Z,2021-09-05T05:38:09.707000Z,Mars-SEIS,XB.ELYSE.02.BHU,1
2021-09-08T07:56:43.427000Z,2021-09-08T08:12:11.877000Z,Mars-SEIS,XB.ELYSE.02.BHU,1
2021-09-08T17:24:47.005000Z,2021-09-08T19:24:46.905000Z,Mars-SEIS,XB.ELYSE.02.BHU,0
2021-09-09T18:13:27.017000Z,2021-09-09T20:13:26.917000Z,Mars-SEIS,XB.ELYSE.02.BHU,0
2021-09-10T08:19:22.276000Z,2021-09-10T08:42:48.726000Z,Mars-SEIS,XB.ELYSE.02.BHU,1
2021-09-11T12:00:01.046000Z,2021-09-11T14:00:00.946000Z,Mars-SEIS,XB.ELYSE.02.BHU,0
2021-09-12T08:31:15.362000Z,2021-09-12T08:47:01.012000Z,Mars-SEIS,XB.ELYSE.02.BHU,1
2021-09-13T06:25:08.245000Z,2021-09-13T06:44:02.245000Z,Mars-SEIS,XB.ELYSE.02.BHU,1
2021-09-13T19:31:15.978000Z,2021-09-13T19:51:32.628000Z,Mars-SEIS,XB.ELYSE.02.BHU,1
2021-09-22T14:53:01.789000Z,2021-09-22T15:11:10.139000Z,Mars-SEIS,XB.ELYSE.02.BHU,1
2021-09-25T09:01:53.037000Z,2021-09-25T11:01:52.937000Z,Mars-SEIS,XB.ELYSE.02.BHU,0
2021-10-02T01:05:54.193000Z,2021-10-02T01:25:33.543000Z,Mars-SEIS,XB.ELYSE.02.BHU,1
2021-10-04T20:22:54.610000Z,2021-10-04T20:43:47.810000Z,Mars-SEIS,XB.ELYSE.02.BHU,1
2021-10-05T19:00:53.005000Z,2021-10-05T21:00:52.955000Z,Mars-SEIS,XB.ELYSE.02.BHU,0
2021-10-10T04:59:59.422000Z,2021-10-10T05:19:23.772000Z,Mars-SEIS,XB.ELYSE.02.BHU,1
2021-10-13T02:28:05.084000Z,2021-10-13T02:48:09.784000Z,Mars-SEIS,XB.ELYSE.02.BHU,1
2021-10-17T09:21:49.246000Z,2021-10-17T09:43:31.096000Z,Mars-SEIS,XB.ELYSE.02.BHU,1
2021-10-20T15:02:18.016000Z,2021-10-20T17:02:17.916000Z,Mars-SEIS,XB.ELYSE.02.BHU,0
2021-10-30T17:27:18.764000Z,2021-10-30T17:46:19.514000Z,Mars-SEIS,XB.ELYSE.02.BHU,1
2021-11-05T03:09:03.002000Z,2021-11-05T05:09:02.902000Z,Mars-SEIS,XB.ELYSE.02.BHU,0
2021-11-07T22:00:15.255000Z,2021-11-07T22:24:09.555000Z,Mars-SEIS,XB.ELYSE.02.BHU,1
2021-11-08T21:48:40.545000Z,2021-11-08T22:10:51.645000Z,Mars-SEIS,XB.ELYSE.02.BHU,1
2021-11-09T23:56:59.712000Z,2021-11-10T00:17:16.862000Z,Mars-SEIS,XB.ELYSE.02.BHU,1
2021-11-12T05:49:07.034000Z,2021-11-12T07:49:06.934000Z,Mars-SEIS,XB.ELYSE.02.BHU,0
2021-11-16T00:49:31.788000Z,2021-11-16T01:10:39.038000Z,Mars-SEIS,XB.ELYSE.02.BHU,1
2021-11-20T07:46:48.668000Z,2021-11-20T08:08:55.468000Z,Mars-SEIS,XB.ELYSE.02.BHU,1
2021-11-25T10:15:09.507000Z,2021-11-25T10:36:49.707000Z,Mars-SEIS,XB.ELYSE.02.BHU,1
2021-11-27T09:45:03.901000Z,2021-11-27T10:05:03.151000Z,Mars-SEIS,XB.ELYSE.02.BHU,1
2021-11-29T13:25:16.421000Z,2021-11-29T13:40:33.821000Z,Mars-SEIS,XB.ELYSE.02.BHU,1
2021-12-03T10:34:14.459000Z,2021-12-03T10:54:15.859000Z,Mars-SEIS,XB.ELYSE.02.BHU,1
2021-12-05T12:08:34.892000Z,2021-12-05T12:28:23.992000Z,Mars-SEIS,XB.ELYSE.02.BHU,1
2021-12-06T14:59:48.306000Z,2021-12-06T15:17:03.856000Z,Mars-SEIS,XB.ELYSE.02.BHU,1
2021-12-06T15:49:29.456000Z,2021-12-06T16:08:42.606000Z,Mars-SEIS,XB.ELYSE.02.BHU,1
2021-12-16T23:02:32.677000Z,2021-12-16T23:20:59.327000Z,Mars-SEIS,XB.ELYSE.02.BHU,1
2021-12-20T21:56:03.315000Z,2021-12-20T22:18:44.065000Z,Mars-SEIS,XB.ELYSE.02.BHU,1
2021-12-21T23:57:27.118000Z,2021-12-22T00:16:49.368000Z,Mars-SEIS,XB.ELYSE.02.BHU,1
2022-02-07T10:33:40.319000Z,2022-02-07T10:55:25.319000Z,Mars-SEIS,XB.ELYSE.02.BHU,1
2022-02-16T17:54:22.031000Z,2022-02-16T19:54:21.981000Z,Mars-SEIS,XB.ELYSE.02.BHU,0
2022-02-17T13:23:27.017000Z,2022-02-17T15:23:26.967000Z,Mars-SEIS,XB.ELYSE.02.BHU,0
2022-03-01T12:39:17.008000Z,2022-03-01T14:39:16.958000Z,Mars-SEIS,XB.ELYSE.02.BHU,0
2022-03-12T19:21:43.012000Z,2022-03-12T21:21:42.962000Z,Mars-SEIS,XB.ELYSE.02.BHU,0
2022-03-14T05:11:08.047000Z,2022-03-14T07:11:07.997000Z,Mars-SEIS,XB.ELYSE.02.BHU,0
2022-03-25T10:07:14.045000Z,2022-03-25T12:07:13.995000Z,Mars-SEIS,XB.ELYSE.02.BHU,0
2022-03-25T13:23:01.024000Z,2022-03-25T15:23:00.974000Z,Mars-SEIS,XB.ELYSE.02.BHU,0
2022-03-26T03:01:02.026000Z,2022-03-26T05:01:01.976000Z,Mars-SEIS,XB.ELYSE.02.BHU,0
2022-04-01T19:33:27.008000Z,2022-04-01T21:33:26.958000Z,Mars-SEIS,XB.ELYSE.02.BHU,0
2022-04-04T23:06:52.626000Z,2022-04-04T23:24:23.576000Z,Mars-SEIS,XB.ELYSE.02.BHU,1
2022-05-24T10:31:31.020000Z,2022-05-24T12:31:30.920000Z,Mars-SEIS,XB.ELYSE.02.BHU,0
2022-07-16T09:56:37.038000Z,2022-07-16T10:04:12.038000Z,Mars-SEIS,XB.ELYSE.02.BHU,0
2022-07-24T07:51:59.019000Z,2022-07-24T09:51:58.869000Z,Mars-SEIS,XB.ELYSE.02.BHU,0
2022-08-12T00:22:19.038000Z,2022-08-12T02:22:18.938000Z,Mars-SEIS,XB.ELYSE.02.BHU,0
2022-12-10T10:33:50.033000Z,2022-12-10T12:33:49.933000Z,Mars-SEIS,XB.ELYSE.02.BHU,0
2019-03-01T10:26:14.015000Z,2019-03-01T12:26:13.965000Z,Mars-SEIS,XB.ELYSE.02.BHV,0
2019-03-03T00:00:52.035000Z,2019-03-03T02:00:51.985000Z,Mars-SEIS,XB.ELYSE.02.BHV,0
2019-03-13T13:01:23.013000Z,2019-03-13T14:10:11.963000Z,Mars-SEIS,XB.ELYSE.02.BHV,0
2019-06-17T03:06:33.049000Z,2019-06-17T05:06:32.999000Z,Mars-SEIS,XB.ELYSE.02.BHV,0
2019-07-05T23:10:18.006000Z,2019-07-05T23:26:26.406000Z,Mars-SEIS,XB.ELYSE.02.BHV,1
2019-07-07T21:54:38.042000Z,2019-07-07T23:54:37.992000Z,Mars-SEIS,XB.ELYSE.02.BHV,0
2019-07-12T03:03:21.884000Z,2019-07-12T03:19:50.334000Z,Mars-SEIS,XB.ELYSE.02.BHV,1
2019-07-12T03:35:46.880000Z,2019-07-12T04:09:02.580000Z,Mars-SEIS,XB.ELYSE.02.BHV,1
2019-07-17T04:28:02.506000Z,2019-07-17T04:50:52.206000Z,Mars-SEIS,XB.ELYSE.02.BHV,1
2019-07-19T09:36:34.035000Z,2019-07-19T09:52:21.635000Z,Mars-SEIS,XB.ELYSE.02.BHV,1
2019-07-26T15:05:00.039000Z,2019-07-26T15:22:03.189000Z,Mars-SEIS,XB.ELYSE.02.BHV,1
2019-08-02T16:02:00.011000Z,2019-08-02T16:16:24.811000Z,Mars-SEIS,XB.ELYSE.02.BHV,1
2019-08-04T18:02:08.010000Z,2019-08-04T18:14:42.060000Z,Mars-SEIS,XB.ELYSE.02.BHV,1
2019-08-06T20:53:44.045000Z,2019-08-06T21:03:32.895000Z,Mars-SEIS,XB.ELYSE.02.BHV,1
2019-08-11T20:57:27.018000Z,2019-08-11T21:17:37.668000Z,Mars-SEIS,XB.ELYSE.02.BHV,1
2019-08-15T16:32:33.020000Z,2019-08-15T18:32:32.970000Z,Mars-SEIS,XB.ELYSE.02.BHV,0
2019-08-16T03:53:41.044000Z,2019-08-16T04:16:13.994000Z,Mars-SEIS,XB.ELYSE.02.BHV,1
2019-08-26T10:23:58.016000Z,2019-08-26T10:44:55.816000Z,Mars-SEIS,XB.ELYSE.02.BHV,1
2019-08-26T17:19:40.021000Z,2019-08-26T19:19:39.971000Z,Mars-SEIS,XB.ELYSE.02.BHV,0
2019-08-27T11:06:26.009000Z,2019-08-27T11:31:11.609000Z,Mars-SEIS,XB.ELYSE.02.BHV,1
2019-09-21T03:15:13.335000Z,2019-09-21T03:34:11.485000Z,Mars-SEIS,XB.ELYSE.02.BHV,1
2019-09-22T03:42:26.041000Z,2019-09-22T04:00:24.591000Z,Mars-SEIS,XB.ELYSE.02.BHV,1
2019-09-27T03:14:49.049000Z,2019-09-27T05:14:48.999000Z,Mars-SEIS,XB.ELYSE.02.BHV,0
2019-09-29T13:09:49.011000Z,2019-09-29T13:28:22.511000Z,Mars-SEIS,XB.ELYSE.02.BHV,1
2019-10-03T13:44:51.011000Z,2019-10-03T15:44:51.011000Z,Mars-SEIS,XB.ELYSE.02.BHV,0
2019-10-07T14:57:41.578000Z,2019-10-07T15:19:49.178000Z,Mars-SEIS,XB.ELYSE.02.BHV,1
2019-10-09T15:41:29.015000Z,2019-10-09T16:02:30.215000Z,Mars-SEIS,XB.ELYSE.02.BHV,1
2019-10-12T13:10:00.019000Z,2019-10-12T13:43:31.419000Z,Mars-SEIS,XB.ELYSE.02.BHV,1
2019-10-12T16:14:58.043000Z,2019-10-12T16:33:02.693000Z,Mars-SEIS,XB.ELYSE.02.BHV,1
2019-10-15T14:24:12.039000Z,2019-10-15T14:42:47.089000Z,Mars-SEIS,XB.ELYSE.02.BHV,1
2019-10-16T11:40:41.040000Z,2019-10-16T13:07:14.190000Z,Mars-SEIS,XB.ELYSE.02.BHV,0
2019-10-17T00:07:14.048000Z,2019-10-17T02:07:13.998000Z,Mars-SEIS,XB.ELYSE.02.BHV,0
2019-10-25T00:02:38.027000Z,2019-10-25T00:20:02.477000Z,Mars-SEIS,XB.ELYSE.02.BHV,1
2019-11-06T09:00:10.039000Z,2019-11-06T09:25:01.439000Z,Mars-SEIS,XB.ELYSE.02.BHV,1
2019-11-08T12:07:32.033000Z,2019-11-08T12:28:47.833000Z,Mars-SEIS,XB.ELYSE.02.BHV,1
2019-11-09T07:19:44.018000Z,2019-11-09T07:40:14.568000Z,Mars-SEIS,XB.ELYSE.02.BHV,1
2019-11-10T06:24:57.039000Z,2019-11-10T06:41:39.039000Z,Mars-SEIS,XB.ELYSE.02.BHV,1
2019-11-13T12:56:18.016000Z,2019-11-13T13:23:42.566000Z,Mars-SEIS,XB.ELYSE.02.BHV,1
2019-11-14T11:35:08.027000Z,2019-11-14T11:42:00.377000Z,Mars-SEIS,XB.ELYSE.02.BHV,1
2019-11-19T14:00:50.012000Z,2019-11-19T14:18:43.412000Z,Mars-SEIS,XB.ELYSE.02.BHV,1
2019-12-02T23:08:33.046000Z,2019-12-02T23:30:09.346000Z,Mars-SEIS,XB.ELYSE.02.BHV,1
2019-12-06T06:10:17.030000Z,2019-12-06T08:10:16.980000Z,Mars-SEIS,XB.ELYSE.02.BHV,0
2019-12-08T03:32:43.023000Z,2019-12-08T03:52:10.173000Z,Mars-SEIS,XB.ELYSE.02.BHV,1
2019-12-17T03:11:52.040000Z,2019-12-17T05:11:51.990000Z,Mars-SEIS,XB.ELYSE.02.BHV,0
2020-01-08T21:06:14.000000Z,2020-01-08T21:21:34.600000Z,Mars-SEIS,XB.ELYSE.02.BHV,1
2020-01-19T09:54:02.866000Z,2020-01-19T10:10:21.116000Z,Mars-SEIS,XB.ELYSE.02.BHV,1
2020-01-21T10:21:45.045000Z,2020-01-21T10:42:08.095000Z,Mars-SEIS,XB.ELYSE.02.BHV,1
2020-01-26T16:21:36.023000Z,2020-01-26T16:45:36.773000Z,Mars-SEIS,XB.ELYSE.02.BHV,1
2020-02-03T07:12:27.045000Z,2020-02-03T09:12:26.995000Z,Mars-SEIS,XB.ELYSE.02.BHV,0
2020-02-04T19:25:43.018000Z,2020-02-04T19:46:02.918000Z,Mars-SEIS,XB.ELYSE.02.BHV,1
2020-02-06T02:10:38.007000Z,2020-02-06T04:10:38.007000Z,Mars-SEIS,XB.ELYSE.02.BHV,0
2020-02-18T01:59:18.032000Z,2020-02-18T02:20:59.932000Z,Mars-SEIS,XB.ELYSE.02.BHV,1
2020-03-11T18:18:05.000000Z,2020-03-11T18:37:19.800000Z,Mars-SEIS,XB.ELYSE.02.BHV,1
2020-03-15T08:38:43.012000Z,2020-03-15T10:38:43.012000Z,Mars-SEIS,XB.ELYSE.02.BHV,0
2020-04-14T14:07:53.008000Z,2020-04-14T16:07:52.958000Z,Mars-SEIS,XB.ELYSE.02.BHV,0
2020-04-21T17:36:43.000000Z,2020-04-21T19:36:43.000000Z,Mars-SEIS,XB.ELYSE.02.BHV,0
2020-04-23T14:12:59.017000Z,2020-04-23T16:12:58.967000Z,Mars-SEIS,XB.ELYSE.02.BHV,0
2020-05-08T22:20:36.021000Z,2020-05-09T00:20:35.971000Z,Mars-SEIS,XB.ELYSE.02.BHV,0
2020-05-11T11:54:31.040000Z,2020-05-11T12:16:08.590000Z,Mars-SEIS,XB.ELYSE.02.BHV,1
2020-06-05T15:13:11.030000Z,2020-06-05T17:13:10.980000Z,Mars-SEIS,XB.ELYSE.02.BHV,0
2020-06-15T16:17:09.011000Z,2020-06-15T18:17:09.011000Z,Mars-SEIS,XB.ELYSE.02.BHV,0
2020-06-27T06:11:25.043000Z,2020-06-27T08:11:24.993000Z,Mars-SEIS,XB.ELYSE.02.BHV,0
2020-07-20T23:30:36.027000Z,2020-07-21T01:30:35.977000Z,Mars-SEIS,XB.ELYSE.02.BHV,0
2020-08-03T15:47:43.038000Z,2020-08-03T17:47:42.988000Z,Mars-SEIS,XB.ELYSE.02.BHV,0
2020-08-16T21:52:49.039000Z,2020-08-16T23:52:48.989000Z,Mars-SEIS,XB.ELYSE.02.BHV,0
2020-08-21T23:06:18.045000Z,2020-08-22T01:06:17.995000Z,Mars-SEIS,XB.ELYSE.02.BHV,0
2020-08-27T15:33:30.041000Z,2020-08-27T17:33:29.941000Z,Mars-SEIS,XB.ELYSE.02.BHV,0
2020-08-28T11:23:26.007000Z,2020-08-28T13:23:25.957000Z,Mars-SEIS,XB.ELYSE.02.BHV,0
2020-09-18T19:20:44.014000Z,2020-09-18T21:20:44.014000Z,Mars-SEIS,XB.ELYSE.02.BHV,0
2020-09-29T03:30:09.009000Z,2020-09-29T05:30:09.009000Z,Mars-SEIS,XB.ELYSE.02.BHV,0
2020-09-30T03:38:10.009000Z,2020-09-30T05:38:10.009000Z,Mars-SEIS,XB.ELYSE.02.BHV,0
2020-10-23T07:32:53.019000Z,2020-10-23T09:32:52.969000Z,Mars-SEIS,XB.ELYSE.02.BHV,0
2020-10-26T10:58:43.021000Z,2020-10-26T12:58:42.971000Z,Mars-SEIS,XB.ELYSE.02.BHV,0
2020-10-27T02:55:52.016000Z,2020-10-27T04:55:51.966000Z,Mars-SEIS,XB.ELYSE.02.BHV,0
2020-10-29T02:31:21.024000Z,2020-10-29T04:31:20.974000Z,Mars-SEIS,XB.ELYSE.02.BHV,0
2020-11-11T23:11:18.017000Z,2020-11-12T01:11:17.967000Z,Mars-SEIS,XB.ELYSE.02.BHV,0
2020-12-13T12:06:40.005000Z,2020-12-13T14:06:39.955000Z,Mars-SEIS,XB.ELYSE.02.BHV,0
2020-12-19T10:09:04.596000Z,2020-12-19T10:23:59.196000Z,Mars-SEIS,XB.ELYSE.02.BHV,1
2020-12-21T08:01:14.031000Z,2020-12-21T10:01:13.981000Z,Mars-SEIS,XB.ELYSE.02.BHV,0
2020-12-22T03:19:19.037000Z,2020-12-22T05:19:18.987000Z,Mars-SEIS,XB.ELYSE.02.BHV,0
2021-01-13T06:44:26.038000Z,2021-01-13T08:44:25.988000Z,Mars-SEIS,XB.ELYSE.02.BHV,0
2021-01-20T21:15:32.001000Z,2021-01-20T23:15:32.001000Z,Mars-SEIS,XB.ELYSE.02.BHV,0
2021-02-01T08:52:53.029000Z,2021-02-01T10:52:52.979000Z,Mars-SEIS,XB.ELYSE.02.BHV,0
2021-02-11T20:14:21.725000Z,2021-02-11T20:33:12.125000Z,Mars-SEIS,XB.ELYSE.02.BHV,1
2021-03-19T22:55:15.016000Z,2021-03-20T00:55:14.966000Z,Mars-SEIS,XB.ELYSE.02.BHV,0
2021-03-21T13:59:31.041000Z,2021-03-21T15:59:30.991000Z,Mars-SEIS,XB.ELYSE.02.BHV,0
2021-05-02T01:22:15.879000Z,2021-05-02T01:41:48.329000Z,Mars-SEIS,XB.ELYSE.02.BHV,1
2021-05-07T20:57:39.244000Z,2021-05-07T21:19:58.094000Z,Mars-SEIS,XB.ELYSE.02.BHV,1
2021-05-09T10:28:08.046000Z,2021-05-09T12:28:07.946000Z,Mars-SEIS,XB.ELYSE.02.BHV,0
2021-05-10T03:31:16.358000Z,2021-05-10T03:49:47.658000Z,Mars-SEIS,XB.ELYSE.02.BHV,1
2021-05-14T23:40:08.040000Z,2021-05-15T01:40:07.990000Z,Mars-SEIS,XB.ELYSE.02.BHV,0
2021-05-19T01:05:53.038000Z,2021-05-19T03:05:52.988000Z,Mars-SEIS,XB.ELYSE.02.BHV,0
2021-05-20T07:40:43.271000Z,2021-05-20T08:00:02.371000Z,Mars-SEIS,XB.ELYSE.02.BHV,1
2021-05-25T10:28:37.338000Z,2021-05-25T10:45:51.038000Z,Mars-SEIS,XB.ELYSE.02.BHV,1
2021-05-29T10:27:05.879000Z,2021-05-29T10:42:39.829000Z,Mars-SEIS,XB.ELYSE.02.BHV,1
2021-05-30T10:22:11.020000Z,2021-05-30T12:22:10.970000Z,Mars-SEIS,XB.ELYSE.02.BHV,0
2021-06-13T22:05:22.062000Z,2021-06-13T22:31:20.962000Z,Mars-SEIS,XB.ELYSE.02.BHV,1
2021-06-14T23:04:56.681000Z,2021-06-14T23:21:17.981000Z,Mars-SEIS,XB.ELYSE.02.BHV,1
2021-06-22T02:59:26.615000Z,2021-06-22T03:16:56.965000Z,Mars-SEIS,XB.ELYSE.02.BHV,1
2021-06-22T16:47:33.008000Z,2021-06-22T18:47:32.908000Z,Mars-SEIS,XB.ELYSE.02.BHV,0
2021-06-25T07:31:40.013000Z,2021-06-25T09:31:39.963000Z,Mars-SEIS,XB.ELYSE.02.BHV,0
2021-06-27T05:31:55.553000Z,2021-06-27T05:44:09.703000Z,Mars-SEIS,XB.ELYSE.02.BHV,1
2021-06-28T22:06:36.012000Z,2021-06-29T00:06:35.912000Z,Mars-SEIS,XB.ELYSE.02.BHV,0
2021-06-29T11:25:44.426000Z,2021-06-29T11:38:54.376000Z,Mars-SEIS,XB.ELYSE.02.BHV,1
2021-07-02T11:08:42.868000Z,2021-07-02T11:30:00.368000Z,Mars-SEIS,XB.ELYSE.02.BHV,1
2021-07-03T10:14:44.968000Z,2021-07-03T10:34:07.918000Z,Mars-SEIS,XB.ELYSE.02.BHV,1
2021-07-14T13:45:19.034000Z,2021-07-14T15:45:18.934000Z,Mars-SEIS,XB.ELYSE.02.BHV,0
2021-07-17T20:20:50.630000Z,2021-07-17T20:41:58.830000Z,Mars-SEIS,XB.ELYSE.02.BHV,1
2021-07-21T21:40:43.027000Z,2021-07-21T23:40:42.977000Z,Mars-SEIS,XB.ELYSE.02.BHV,0
2021-07-23T01:27:33.531000Z,2021-07-23T01:49:36.881000Z,Mars-SEIS,XB.ELYSE.02.BHV,1
2021-07-25T23:59:56.337000Z,2021-07-26T00:19:44.837000Z,Mars-SEIS,XB.ELYSE.02.BHV,1
2021-08-14T13:26:21.178000Z,2021-08-14T13:47:03.278000Z,Mars-SEIS,XB.ELYSE.02.BHV,1
2021-08-18T01:45:06.117000Z,2021-08-18T02:03:55.267000Z,Mars-SEIS,XB.ELYSE.02.BHV,1
2021-08-20T20:21:37.052000Z,2021-08-20T20:45:02.602000Z,Mars-SEIS,XB.ELYSE.02.BHV,1
2021-08-22T22:06:19.027000Z,2021-08-23T00:06:18.927000Z,Mars-SEIS,XB.ELYSE.02.BHV,0
2021-08-24T04:46:55.177000Z,2021-08-24T05:08:26.527000Z,Mars-SEIS,XB.ELYSE.02.BHV,1
2021-09-04T04:33:54.020000Z,2021-09-04T06:33:53.920000Z,Mars-SEIS,XB.ELYSE.02.BHV,0
2021-09-05T05:18:58.058000Z,2021-09-05T05:38:09.708000Z,Mars-SEIS,XB.ELYSE.02.BHV,1
2021-09-08T07:56:43.427000Z,2021-09-08T08:12:11.877000Z,Mars-SEIS,XB.ELYSE.02.BHV,1
2021-09-08T17:24:47.005000Z,2021-09-08T19:24:46.905000Z,Mars-SEIS,XB.ELYSE.02.BHV,0
2021-09-09T18:13:27.017000Z,2021-09-09T20:13:26.917000Z,Mars-SEIS,XB.ELYSE.02.BHV,0
2021-09-10T08:19:22.275000Z,2021-09-10T08:42:48.725000Z,Mars-SEIS,XB.ELYSE.02.BHV,1
2021-09-11T12:00:01.046000Z,2021-09-11T14:00:00.946000Z,Mars-SEIS,XB.ELYSE.02.BHV,0
2021-09-12T08:31:15.362000Z,2021-09-12T08:47:01.012000Z,Mars-SEIS,XB.ELYSE.02.BHV,1
2021-09-13T06:25:08.244000Z,2021-09-13T06:44:02.244000Z,Mars-SEIS,XB.ELYSE.02.BHV,1
2021-09-13T19:31:15.977000Z,2021-09-13T19:51:32.627000Z,Mars-SEIS,XB.ELYSE.02.BHV,1
2021-09-22T14:53:01.788000Z,2021-09-22T15:11:10.138000Z,Mars-SEIS,XB.ELYSE.02.BHV,1
2021-09-25T09:01:53.037000Z,2021-09-25T11:01:52.937000Z,Mars-SEIS,XB.ELYSE.02.BHV,0
2021-10-02T01:05:54.193000Z,2021-10-02T01:25:33.543000Z,Mars-SEIS,XB.ELYSE.02.BHV,1
2021-10-04T20:22:54.610000Z,2021-10-04T20:43:47.810000Z,Mars-SEIS,XB.ELYSE.02.BHV,1
2021-10-05T19:00:53.005000Z,2021-10-05T21:00:52.955000Z,Mars-SEIS,XB.ELYSE.02.BHV,0
2021-10-10T04:59:59.422000Z,2021-10-10T05:19:23.772000Z,Mars-SEIS,XB.ELYSE.02.BHV,1
2021-10-13T02:28:05.084000Z,2021-10-13T02:48:09.784000Z,Mars-SEIS,XB.ELYSE.02.BHV,1
2021-10-17T09:21:49.247000Z,2021-10-17T09:43:31.097000Z,Mars-SEIS,XB.ELYSE.02.BHV,1
2021-10-20T15:02:18.016000Z,2021-10-20T17:02:17.916000Z,Mars-SEIS,XB.ELYSE.02.BHV,0
2021-10-30T17:27:18.763000Z,2021-10-30T17:46:19.513000Z,Mars-SEIS,XB.ELYSE.02.BHV,1
2021-11-05T03:09:03.002000Z,2021-11-05T05:09:02.902000Z,Mars-SEIS,XB.ELYSE.02.BHV,0
2021-11-07T22:00:15.255000Z,2021-11-07T22:24:09.555000Z,Mars-SEIS,XB.ELYSE.02.BHV,1
2021-11-08T21:48:40.545000Z,2021-11-08T22:10:51.645000Z,Mars-SEIS,XB.ELYSE.02.BHV,1
2021-11-09T23:56:59.712000Z,2021-11-10T00:17:16.862000Z,Mars-SEIS,XB.ELYSE.02.BHV,1
2021-11-12T05:49:07.034000Z,2021-11-12T07:49:06.934000Z,Mars-SEIS,XB.ELYSE.02.BHV,0
2021-11-16T00:49:31.789000Z,2021-11-16T01:10:39.039000Z,Mars-SEIS,XB.ELYSE.02.BHV,1
2021-11-20T07:46:48.668000Z,2021-11-20T08:08:55.468000Z,Mars-SEIS,XB.ELYSE.02.BHV,1
2021-11-25T10:15:09.507000Z,2021-11-25T10:36:49.707000Z,Mars-SEIS,XB.ELYSE.02.BHV,1
2021-11-27T09:45:03.901000Z,2021-11-27T10:05:03.151000Z,Mars-SEIS,XB.ELYSE.02.BHV,1
2021-11-29T13:25:16.420000Z,2021-11-29T13:40:33.820000Z,Mars-SEIS,XB.ELYSE.02.BHV,1
2021-12-03T10:34:14.459000Z,2021-12-03T10:54:15.859000Z,Mars-SEIS,XB.ELYSE.02.BHV,1
2021-12-05T12:08:34.891000Z,2021-12-05T12:28:23.991000Z,Mars-SEIS,XB.ELYSE.02.BHV,1
2021-12-06T14:59:48.306000Z,2021-12-06T15:17:03.856000Z,Mars-SEIS,XB.ELYSE.02.BHV,1
2021-12-06T15:49:29.407000Z,2021-12-06T16:08:42.607000Z,Mars-SEIS,XB.ELYSE.02.BHV,1
2021-12-16T23:02:32.677000Z,2021-12-16T23:20:59.327000Z,Mars-SEIS,XB.ELYSE.02.BHV,1
2021-12-20T21:56:03.314000Z,2021-12-20T22:18:44.064000Z,Mars-SEIS,XB.ELYSE.02.BHV,1
2021-12-21T23:57:27.137000Z,2021-12-22T00:16:49.387000Z,Mars-SEIS,XB.ELYSE.02.BHV,1
2022-02-07T10:33:40.319000Z,2022-02-07T10:55:25.319000Z,Mars-SEIS,XB.ELYSE.02.BHV,1
2022-02-16T17:54:22.030000Z,2022-02-16T19:54:21.980000Z,Mars-SEIS,XB.ELYSE.02.BHV,0
2022-02-17T13:23:27.017000Z,2022-02-17T15:23:26.967000Z,Mars-SEIS,XB.ELYSE.02.BHV,0
2022-03-01T12:39:17.008000Z,2022-03-01T14:39:16.958000Z,Mars-SEIS,XB.ELYSE.02.BHV,0
2022-03-12T19:21:43.012000Z,2022-03-12T21:21:42.962000Z,Mars-SEIS,XB.ELYSE.02.BHV,0
2022-03-14T05:11:08.047000Z,2022-03-14T07:11:07.997000Z,Mars-SEIS,XB.ELYSE.02.BHV,0
2022-03-25T10:07:14.045000Z,2022-03-25T12:07:13.995000Z,Mars-SEIS,XB.ELYSE.02.BHV,0
2022-03-25T13:23:01.025000Z,2022-03-25T15:23:00.975000Z,Mars-SEIS,XB.ELYSE.02.BHV,0
2022-03-26T03:01:02.026000Z,2022-03-26T05:01:01.976000Z,Mars-SEIS,XB.ELYSE.02.BHV,0
2022-04-01T19:33:27.008000Z,2022-04-01T21:33:27.008000Z,Mars-SEIS,XB.ELYSE.02.BHV,0
2022-04-04T23:06:52.625000Z,2022-04-04T23:24:23.575000Z,Mars-SEIS,XB.ELYSE.02.BHV,1
2022-05-24T10:31:31.021000Z,2022-05-24T12:31:30.921000Z,Mars-SEIS,XB.ELYSE.02.BHV,0
2022-07-16T09:56:37.038000Z,2022-07-16T10:04:12.038000Z,Mars-SEIS,XB.ELYSE.02.BHV,0
2022-07-24T07:51:59.020000Z,2022-07-24T09:51:58.870000Z,Mars-SEIS,XB.ELYSE.02.BHV,0
2022-08-12T00:22:19.038000Z,2022-08-12T02:22:18.938000Z,Mars-SEIS,XB.ELYSE.02.BHV,0
2022-12-10T10:33:50.033000Z,2022-12-10T12:33:49.933000Z,Mars-SEIS,XB.ELYSE.02.BHV,0
2019-03-01T10:26:14.016000Z,2019-03-01T12:26:13.966000Z,Mars-SEIS,XB.ELYSE.02.BHW,0
2019-03-03T00:00:52.036000Z,2019-03-03T02:00:51.986000Z,Mars-SEIS,XB.ELYSE.02.BHW,0
2019-03-13T13:01:23.013000Z,2019-03-13T15:01:23.013000Z,Mars-SEIS,XB.ELYSE.02.BHW,0
2019-06-17T03:06:33.049000Z,2019-06-17T05:06:32.999000Z,Mars-SEIS,XB.ELYSE.02.BHW,0
2019-07-05T23:10:18.007000Z,2019-07-05T23:26:26.407000Z,Mars-SEIS,XB.ELYSE.02.BHW,1
2019-07-07T21:54:38.042000Z,2019-07-07T23:54:37.992000Z,Mars-SEIS,XB.ELYSE.02.BHW,0
2019-07-12T03:03:21.884000Z,2019-07-12T03:19:50.334000Z,Mars-SEIS,XB.ELYSE.02.BHW,1
2019-07-12T03:35:46.880000Z,2019-07-12T04:09:02.580000Z,Mars-SEIS,XB.ELYSE.02.BHW,1
2019-07-17T04:28:02.506000Z,2019-07-17T04:50:52.206000Z,Mars-SEIS,XB.ELYSE.02.BHW,1
2019-07-19T09:36:34.035000Z,2019-07-19T09:52:21.635000Z,Mars-SEIS,XB.ELYSE.02.BHW,1
2019-07-26T15:05:00.039000Z,2019-07-26T15:22:03.189000Z,Mars-SEIS,XB.ELYSE.02.BHW,1
2019-08-02T16:02:00.011000Z,2019-08-02T16:16:24.811000Z,Mars-SEIS,XB.ELYSE.02.BHW,1
2019-08-04T18:02:08.010000Z,2019-08-04T18:14:42.060000Z,Mars-SEIS,XB.ELYSE.02.BHW,1
2019-08-06T20:53:44.045000Z,2019-08-06T21:03:32.895000Z,Mars-SEIS,XB.ELYSE.02.BHW,1
2019-08-11T20:57:27.019000Z,2019-08-11T21:17:37.669000Z,Mars-SEIS,XB.ELYSE.02.BHW,1
2019-08-15T16:32:33.020000Z,2019-08-15T18:32:32.970000Z,Mars-SEIS,XB.ELYSE.02.BHW,0
2019-08-16T03:53:41.044000Z,2019-08-16T04:16:13.994000Z,Mars-SEIS,XB.ELYSE.02.BHW,1
2019-08-26T10:23:58.015000Z,2019-08-26T10:44:55.815000Z,Mars-SEIS,XB.ELYSE.02.BHW,1
2019-08-26T17:19:40.021000Z,2019-08-26T19:19:39.971000Z,Mars-SEIS,XB.ELYSE.02.BHW,0
2019-08-27T11:06:26.009000Z,2019-08-27T11:31:11.609000Z,Mars-SEIS,XB.ELYSE.02.BHW,1
2019-09-21T03:15:13.335000Z,2019-09-21T03:34:11.485000Z,Mars-SEIS,XB.ELYSE.02.BHW,1
2019-09-22T03:42:26.041000Z,2019-09-22T04:00:24.591000Z,Mars-SEIS,XB.ELYSE.02.BHW,1
2019-09-27T03:14:49.049000Z,2019-09-27T05:14:48.999000Z,Mars-SEIS,XB.ELYSE.02.BHW,0
2019-09-29T13:09:49.011000Z,2019-09-29T13:28:22.511000Z,Mars-SEIS,XB.ELYSE.02.BHW,1
2019-10-03T13:44:51.011000Z,2019-10-03T15:44:51.011000Z,Mars-SEIS,XB.ELYSE.02.BHW,0
2019-10-07T14:57:41.579000Z,2019-10-07T15:19:49.179000Z,Mars-SEIS,XB.ELYSE.02.BHW,1
2019-10-09T15:41:29.015000Z,2019-10-09T16:02:30.215000Z,Mars-SEIS,XB.ELYSE.02.BHW,1
2019-10-12T13:10:00.019000Z,2019-10-12T13:43:31.419000Z,Mars-SEIS,XB.ELYSE.02.BHW,1
2019-10-12T16:14:58.044000Z,2019-10-12T16:33:02.694000Z,Mars-SEIS,XB.ELYSE.02.BHW,1
2019-10-15T14:24:12.040000Z,2019-10-15T14:42:47.090000Z,Mars-SEIS,XB.ELYSE.02.BHW,1
2019-10-16T11:40:41.040000Z,2019-10-16T13:07:14.190000Z,Mars-SEIS,XB.ELYSE.02.BHW,0
2019-10-17T00:07:14.048000Z,2019-10-17T02:07:13.998000Z,Mars-SEIS,XB.ELYSE.02.BHW,0
2019-10-25T00:02:38.027000Z,2019-10-25T00:20:02.477000Z,Mars-SEIS,XB.ELYSE.02.BHW,1
2019-11-06T09:00:10.039000Z,2019-11-06T09:25:01.439000Z,Mars-SEIS,XB.ELYSE.02.BHW,1
2019-11-08T12:07:32.033000Z,2019-11-08T12:28:47.833000Z,Mars-SEIS,XB.ELYSE.02.BHW,1
2019-11-09T07:19:44.018000Z,2019-11-09T07:40:14.568000Z,Mars-SEIS,XB.ELYSE.02.BHW,1
2019-11-10T06:24:57.038000Z,2019-11-10T06:41:39.038000Z,Mars-SEIS,XB.ELYSE.02.BHW,1
2019-11-13T12:56:18.017000Z,2019-11-13T13:23:42.567000Z,Mars-SEIS,XB.ELYSE.02.BHW,1
2019-11-14T11:35:08.027000Z,2019-11-14T11:57:09.477000Z,Mars-SEIS,XB.ELYSE.02.BHW,1
2019-11-19T14:00:50.011000Z,2019-11-19T14:18:43.411000Z,Mars-SEIS,XB.ELYSE.02.BHW,1
2019-12-02T23:08:33.047000Z,2019-12-02T23:30:09.347000Z,Mars-SEIS,XB.ELYSE.02.BHW,1
2019-12-06T06:10:17.030000Z,2019-12-06T08:10:16.980000Z,Mars-SEIS,XB.ELYSE.02.BHW,0
2019-12-08T03:32:43.022000Z,2019-12-08T03:52:10.172000Z,Mars-SEIS,XB.ELYSE.02.BHW,1
2019-12-17T03:11:52.041000Z,2019-12-17T05:11:51.991000Z,Mars-SEIS,XB.ELYSE.02.BHW,0
2020-01-08T21:06:14.000000Z,2020-01-08T21:21:34.600000Z,Mars-SEIS,XB.ELYSE.02.BHW,1
2020-01-19T09:54:02.866000Z,2020-01-19T10:10:21.116000Z,Mars-SEIS,XB.ELYSE.02.BHW,1
2020-01-21T10:21:45.046000Z,2020-01-21T10:42:08.096000Z,Mars-SEIS,XB.ELYSE.02.BHW,1
2020-01-26T16:21:36.022000Z,2020-01-26T16:45:36.772000Z,Mars-SEIS,XB.ELYSE.02.BHW,1
2020-02-03T07:12:27.045000Z,2020-02-03T09:12:26.995000Z,Mars-SEIS,XB.ELYSE.02.BHW,0
2020-02-04T19:25:43.018000Z,2020-02-04T19:46:02.918000Z,Mars-SEIS,XB.ELYSE.02.BHW,1
2020-02-06T02:10:38.007000Z,2020-02-06T04:10:38.007000Z,Mars-SEIS,XB.ELYSE.02.BHW,0
2020-02-18T01:59:18.032000Z,2020-02-18T02:20:59.932000Z,Mars-SEIS,XB.ELYSE.02.BHW,1
2020-03-11T18:18:05.001000Z,2020-03-11T18:37:19.801000Z,Mars-SEIS,XB.ELYSE.02.BHW,1
2020-03-15T08:38:43.012000Z,2020-03-15T10:38:43.012000Z,Mars-SEIS,XB.ELYSE.02.BHW,0
2020-04-14T14:07:53.008000Z,2020-04-14T16:07:52.958000Z,Mars-SEIS,XB.ELYSE.02.BHW,0
2020-04-21T17:36:43.000000Z,2020-04-21T19:36:43.000000Z,Mars-SEIS,XB.ELYSE.02.BHW,0
2020-04-23T14:12:59.017000Z,2020-04-23T16:12:58.967000Z,Mars-SEIS,XB.ELYSE.02.BHW,0
2020-05-08T22:20:36.021000Z,2020-05-09T00:20:35.971000Z,Mars-SEIS,XB.ELYSE.02.BHW,0
2020-05-11T11:54:31.039000Z,2020-05-11T12:16:08.589000Z,Mars-SEIS,XB.ELYSE.02.BHW,1
2020-06-05T15:13:11.030000Z,2020-06-05T17:13:10.980000Z,Mars-SEIS,XB.ELYSE.02.BHW,0
2020-06-15T16:17:09.010000Z,2020-06-15T18:17:09.010000Z,Mars-SEIS,XB.ELYSE.02.BHW,0
2020-06-27T06:11:25.043000Z,2020-06-27T08:11:24.993000Z,Mars-SEIS,XB.ELYSE.02.BHW,0
2020-07-20T23:30:36.026000Z,2020-07-21T01:30:35.976000Z,Mars-SEIS,XB.ELYSE.02.BHW,0
2020-08-03T15:47:43.039000Z,2020-08-03T17:47:42.989000Z,Mars-SEIS,XB.ELYSE.02.BHW,0
2020-08-16T21:52:49.039000Z,2020-08-16T23:52:48.989000Z,Mars-SEIS,XB.ELYSE.02.BHW,0
2020-08-21T23:06:18.045000Z,2020-08-22T01:06:17.995000Z,Mars-SEIS,XB.ELYSE.02.BHW,0
2020-08-27T15:33:30.040000Z,2020-08-27T17:33:29.940000Z,Mars-SEIS,XB.ELYSE.02.BHW,0
2020-08-28T11:23:26.007000Z,2020-08-28T13:23:25.957000Z,Mars-SEIS,XB.ELYSE.02.BHW,0
2020-09-18T19:20:44.014000Z,2020-09-18T21:20:44.014000Z,Mars-SEIS,XB.ELYSE.02.BHW,0
2020-09-29T03:30:09.008000Z,2020-09-29T05:30:09.008000Z,Mars-SEIS,XB.ELYSE.02.BHW,0
2020-09-30T03:38:10.009000Z,2020-09-30T05:38:10.009000Z,Mars-SEIS,XB.ELYSE.02.BHW,0
2020-10-23T07:32:53.018000Z,2020-10-23T09:32:52.968000Z,Mars-SEIS,XB.ELYSE.02.BHW,0
2020-10-26T10:58:43.020000Z,2020-10-26T12:58:42.970000Z,Mars-SEIS,XB.ELYSE.02.BHW,0
2020-10-27T02:55:52.015000Z,2020-10-27T04:55:51.965000Z,Mars-SEIS,XB.ELYSE.02.BHW,0
2020-10-29T02:31:21.023000Z,2020-10-29T04:31:20.973000Z,Mars-SEIS,XB.ELYSE.02.BHW,0
2020-11-11T23:11:18.016000Z,2020-11-12T01:11:17.966000Z,Mars-SEIS,XB.ELYSE.02.BHW,0
2020-12-13T12:06:40.004000Z,2020-12-13T14:06:39.954000Z,Mars-SEIS,XB.ELYSE.02.BHW,0
2020-12-19T10:09:04.597000Z,2020-12-19T10:23:59.197000Z,Mars-SEIS,XB.ELYSE.02.BHW,1
2020-12-21T08:01:14.031000Z,2020-12-21T10:01:13.981000Z,Mars-SEIS,XB.ELYSE.02.BHW,0
2020-12-22T03:19:19.038000Z,2020-12-22T05:19:18.988000Z,Mars-SEIS,XB.ELYSE.02.BHW,0
2021-01-13T06:44:26.038000Z,2021-01-13T08:44:25.988000Z,Mars-SEIS,XB.ELYSE.02.BHW,0
2021-01-20T21:15:32.001000Z,2021-01-20T23:15:32.001000Z,Mars-SEIS,XB.ELYSE.02.BHW,0
2021-02-01T08:52:53.029000Z,2021-02-01T10:52:52.979000Z,Mars-SEIS,XB.ELYSE.02.BHW,0
2021-02-11T20:14:21.725000Z,2021-02-11T20:33:12.125000Z,Mars-SEIS,XB.ELYSE.02.BHW,1
2021-03-19T22:55:15.016000Z,2021-03-20T00:55:14.966000Z,Mars-SEIS,XB.ELYSE.02.BHW,0
2021-03-21T13:59:31.041000Z,2021-03-21T15:59:30.991000Z,Mars-SEIS,XB.ELYSE.02.BHW,0
2021-05-02T01:22:15.879000Z,2021-05-02T01:41:48.329000Z,Mars-SEIS,XB.ELYSE.02.BHW,1
2021-05-07T20:57:39.244000Z,2021-05-07T21:19:58.094000Z,Mars-SEIS,XB.ELYSE.02.BHW,1
2021-05-09T10:28:08.046000Z,2021-05-09T12:28:07.946000Z,Mars-SEIS,XB.ELYSE.02.BHW,0
2021-05-10T03:31:16.357000Z,2021-05-10T03:49:47.657000Z,Mars-SEIS,XB.ELYSE.02.BHW,1
2021-05-14T23:40:08.040000Z,2021-05-15T01:40:07.990000Z,Mars-SEIS,XB.ELYSE.02.BHW,0
2021-05-19T01:05:53.037000Z,2021-05-19T03:05:52.987000Z,Mars-SEIS,XB.ELYSE.02.BHW,0
2021-05-20T07:40:43.271000Z,2021-05-20T08:00:02.371000Z,Mars-SEIS,XB.ELYSE.02.BHW,1
2021-05-25T10:28:37.337000Z,2021-05-25T10:45:51.037000Z,Mars-SEIS,XB.ELYSE.02.BHW,1
2021-05-29T10:27:05.879000Z,2021-05-29T10:42:39.829000Z,Mars-SEIS,XB.ELYSE.02.BHW,1
2021-05-30T10:22:11.020000Z,2021-05-30T12:22:10.970000Z,Mars-SEIS,XB.ELYSE.02.BHW,0
2021-06-13T22:05:22.062000Z,2021-06-13T22:31:20.962000Z,Mars-SEIS,XB.ELYSE.02.BHW,1
2021-06-14T23:04:56.680000Z,2021-06-14T23:21:17.980000Z,Mars-SEIS,XB.ELYSE.02.BHW,1
2021-06-22T02:59:26.615000Z,2021-06-22T03:16:56.965000Z,Mars-SEIS,XB.ELYSE.02.BHW,1
2021-06-22T16:47:33.008000Z,2021-06-22T18:47:32.908000Z,Mars-SEIS,XB.ELYSE.02.BHW,0
2021-06-25T07:31:40.013000Z,2021-06-25T09:31:39.963000Z,Mars-SEIS,XB.ELYSE.02.BHW,0
2021-06-27T05:31:55.553000Z,2021-06-27T05:44:09.703000Z,Mars-SEIS,XB.ELYSE.02.BHW,1
2021-06-28T22:06:36.012000Z,2021-06-29T00:06:35.912000Z,Mars-SEIS,XB.ELYSE.02.BHW,0
2021-06-29T11:25:44.426000Z,2021-06-29T11:38:54.376000Z,Mars-SEIS,XB.ELYSE.02.BHW,1
2021-07-02T11:08:42.868000Z,2021-07-02T11:30:00.368000Z,Mars-SEIS,XB.ELYSE.02.BHW,1
2021-07-03T10:14:44.968000Z,2021-07-03T10:34:07.918000Z,Mars-SEIS,XB.ELYSE.02.BHW,1
2021-07-14T13:45:19.033000Z,2021-07-14T15:45:18.933000Z,Mars-SEIS,XB.ELYSE.02.BHW,0
2021-07-17T20:20:50.629000Z,2021-07-17T20:41:58.829000Z,Mars-SEIS,XB.ELYSE.02.BHW,1
2021-07-21T21:40:43.026000Z,2021-07-21T23:40:42.976000Z,Mars-SEIS,XB.ELYSE.02.BHW,0
2021-07-23T01:27:33.530000Z,2021-07-23T01:49:36.880000Z,Mars-SEIS,XB.ELYSE.02.BHW,1
2021-07-25T23:59:56.336000Z,2021-07-26T00:19:44.836000Z,Mars-SEIS,XB.ELYSE.02.BHW,1
2021-08-14T13:26:21.178000Z,2021-08-14T13:47:03.278000Z,Mars-SEIS,XB.ELYSE.02.BHW,1
2021-08-18T01:45:06.116000Z,2021-08-18T02:03:55.266000Z,Mars-SEIS,XB.ELYSE.02.BHW,1
2021-08-20T20:21:37.052000Z,2021-08-20T20:45:02.602000Z,Mars-SEIS,XB.ELYSE.02.BHW,1
2021-08-22T22:06:19.027000Z,2021-08-23T00:06:18.927000Z,Mars-SEIS,XB.ELYSE.02.BHW,0
2021-08-24T04:46:55.177000Z,2021-08-24T05:08:26.527000Z,Mars-SEIS,XB.ELYSE.02.BHW,1
2021-09-04T04:33:54.019000Z,2021-09-04T06:33:53.919000Z,Mars-SEIS,XB.ELYSE.02.BHW,0
2021-09-05T05:18:58.057000Z,2021-09-05T05:38:09.707000Z,Mars-SEIS,XB.ELYSE.02.BHW,1
2021-09-08T07:56:43.427000Z,2021-09-08T08:12:11.877000Z,Mars-SEIS,XB.ELYSE.02.BHW,1
2021-09-08T17:24:47.005000Z,2021-09-08T19:24:46.905000Z,Mars-SEIS,XB.ELYSE.02.BHW,0
2021-09-09T18:13:27.017000Z,2021-09-09T20:13:26.917000Z,Mars-SEIS,XB.ELYSE.02.BHW,0
2021-09-10T08:19:22.275000Z,2021-09-10T08:42:48.725000Z,Mars-SEIS,XB.ELYSE.02.BHW,1
2021-09-11T12:00:01.046000Z,2021-09-11T14:00:00.946000Z,Mars-SEIS,XB.ELYSE.02.BHW,0
2021-09-12T08:31:15.363000Z,2021-09-12T08:47:01.013000Z,Mars-SEIS,XB.ELYSE.02.BHW,1
2021-09-13T06:25:08.245000Z,2021-09-13T06:44:02.245000Z,Mars-SEIS,XB.ELYSE.02.BHW,1
2021-09-13T19:31:15.978000Z,2021-09-13T19:51:32.628000Z,Mars-SEIS,XB.ELYSE.02.BHW,1
2021-09-22T14:53:01.789000Z,2021-09-22T15:11:10.139000Z,Mars-SEIS,XB.ELYSE.02.BHW,1
2021-09-25T09:01:53.037000Z,2021-09-25T11:01:52.937000Z,Mars-SEIS,XB.ELYSE.02.BHW,0
2021-10-02T01:05:54.194000Z,2021-10-02T01:25:33.544000Z,Mars-SEIS,XB.ELYSE.02.BHW,1
2021-10-04T20:22:54.610000Z,2021-10-04T20:43:47.810000Z,Mars-SEIS,XB.ELYSE.02.BHW,1
2021-10-05T19:00:53.005000Z,2021-10-05T21:00:52.955000Z,Mars-SEIS,XB.ELYSE.02.BHW,0
2021-10-10T04:59:59.422000Z,2021-10-10T05:19:23.772000Z,Mars-SEIS,XB.ELYSE.02.BHW,1
2021-10-13T02:28:05.084000Z,2021-10-13T02:48:09.784000Z,Mars-SEIS,XB.ELYSE.02.BHW,1
2021-10-17T09:21:49.246000Z,2021-10-17T09:43:31.096000Z,Mars-SEIS,XB.ELYSE.02.BHW,1
2021-10-20T15:02:18.016000Z,2021-10-20T17:02:17.916000Z,Mars-SEIS,XB.ELYSE.02.BHW,0
2021-10-30T17:27:18.763000Z,2021-10-30T17:46:19.513000Z,Mars-SEIS,XB.ELYSE.02.BHW,1
2021-11-05T03:09:03.002000Z,2021-11-05T05:09:02.902000Z,Mars-SEIS,XB.ELYSE.02.BHW,0
2021-11-07T22:00:15.255000Z,2021-11-07T22:24:09.555000Z,Mars-SEIS,XB.ELYSE.02.BHW,1
2021-11-08T21:48:40.594000Z,2021-11-08T22:10:51.644000Z,Mars-SEIS,XB.ELYSE.02.BHW,1
2021-11-09T23:56:59.711000Z,2021-11-10T00:17:16.861000Z,Mars-SEIS,XB.ELYSE.02.BHW,1
2021-11-12T05:49:07.033000Z,2021-11-12T07:49:06.933000Z,Mars-SEIS,XB.ELYSE.02.BHW,0
2021-11-16T00:49:31.789000Z,2021-11-16T01:10:39.039000Z,Mars-SEIS,XB.ELYSE.02.BHW,1
2021-11-20T07:46:48.668000Z,2021-11-20T08:08:55.468000Z,Mars-SEIS,XB.ELYSE.02.BHW,1
2021-11-25T10:15:09.507000Z,2021-11-25T10:36:49.707000Z,Mars-SEIS,XB.ELYSE.02.BHW,1
2021-11-27T09:45:03.901000Z,2021-11-27T10:05:03.151000Z,Mars-SEIS,XB.ELYSE.02.BHW,1
2021-11-29T13:25:16.421000Z,2021-11-29T13:40:33.821000Z,Mars-SEIS,XB.ELYSE.02.BHW,1
2021-12-03T10:34:14.458000Z,2021-12-03T10:54:15.858000Z,Mars-SEIS,XB.ELYSE.02.BHW,1
2021-12-05T12:08:34.891000Z,2021-12-05T12:28:23.991000Z,Mars-SEIS,XB.ELYSE.02.BHW,1
2021-12-06T14:59:48.306000Z,2021-12-06T15:17:03.856000Z,Mars-SEIS,XB.ELYSE.02.BHW,1
2021-12-06T15:49:29.456000Z,2021-12-06T16:08:42.606000Z,Mars-SEIS,XB.ELYSE.02.BHW,1
2021-12-16T23:02:32.678000Z,2021-12-16T23:20:59.328000Z,Mars-SEIS,XB.ELYSE.02.BHW,1
2021-12-20T21:56:03.315000Z,2021-12-20T22:18:44.065000Z,Mars-SEIS,XB.ELYSE.02.BHW,1
2021-12-21T23:57:27.118000Z,2021-12-22T00:16:49.368000Z,Mars-SEIS,XB.ELYSE.02.BHW,1
2022-02-07T10:33:40.319000Z,2022-02-07T10:55:25.319000Z,Mars-SEIS,XB.ELYSE.02.BHW,1
2022-02-16T17:54:22.030000Z,2022-02-16T19:54:21.980000Z,Mars-SEIS,XB.ELYSE.02.BHW,0
2022-02-17T13:23:27.017000Z,2022-02-17T15:23:26.967000Z,Mars-SEIS,XB.ELYSE.02.BHW,0
2022-03-01T12:39:17.009000Z,2022-03-01T14:39:16.959000Z,Mars-SEIS,XB.ELYSE.02.BHW,0
2022-03-12T19:21:43.012000Z,2022-03-12T21:21:42.962000Z,Mars-SEIS,XB.ELYSE.02.BHW,0
2022-03-14T05:11:08.047000Z,2022-03-14T07:11:07.997000Z,Mars-SEIS,XB.ELYSE.02.BHW,0
2022-03-25T10:07:14.045000Z,2022-03-25T12:07:13.995000Z,Mars-SEIS,XB.ELYSE.02.BHW,0
2022-03-25T13:23:01.025000Z,2022-03-25T15:23:00.975000Z,Mars-SEIS,XB.ELYSE.02.BHW,0
2022-03-26T03:01:02.026000Z,2022-03-26T05:01:01.976000Z,Mars-SEIS,XB.ELYSE.02.BHW,0
2022-04-01T19:33:27.008000Z,2022-04-01T21:33:27.008000Z,Mars-SEIS,XB.ELYSE.02.BHW,0
2022-04-04T23:06:52.625000Z,2022-04-04T23:24:23.575000Z,Mars-SEIS,XB.ELYSE.02.BHW,1
2022-05-24T10:31:31.021000Z,2022-05-24T12:31:30.921000Z,Mars-SEIS,XB.ELYSE.02.BHW,0
2022-07-16T09:56:37.038000Z,2022-07-16T10:04:12.038000Z,Mars-SEIS,XB.ELYSE.02.BHW,0
2022-07-24T07:51:59.020000Z,2022-07-24T09:51:58.870000Z,Mars-SEIS,XB.ELYSE.02.BHW,0
2022-08-12T00:22:19.038000Z,2022-08-12T02:22:18.938000Z,Mars-SEIS,XB.ELYSE.02.BHW,0
2022-12-10T10:33:50.032000Z,2022-12-10T12:33:49.932000Z,Mars-SEIS,XB.ELYSE.02.BHW,0
1973-03-15T01:59:19.147847Z,1973-03-15T03:59:18.996904Z,Moon-APOLLO,XA.S16.00.MH1,0
1973-04-03T17:05:00.104399Z,1973-04-03T19:04:59.953456Z,Moon-APOLLO,XA.S16.00.MH1,0
1973-04-10T23:01:00.058931Z,1973-04-11T01:00:59.907988Z,Moon-APOLLO,XA.S16.00.MH1,0
1973-04-21T03:05:57.128463Z,1973-04-21T05:05:56.977520Z,Moon-APOLLO,XA.S16.00.MH1,0
1973-04-28T15:06:00.033688Z,1973-04-29T10:00:00.033688Z,Moon-APOLLO,XA.S16.00.MH1,1
1973-05-01T22:07:00.096069Z,1973-05-01T23:04:59.945126Z,Moon-APOLLO,XA.S16.00.MH1,1
1973-05-04T11:09:00.071806Z,1973-05-04T18:04:59.920863Z,Moon-APOLLO,XA.S16.00.MH1,1
1973-06-02T12:05:00.034842Z,1973-06-02T20:59:59.959370Z,Moon-APOLLO,XA.S16.00.MH1,1
1973-06-08T05:00:01.145941Z,1973-06-08T07:00:00.994998Z,Moon-APOLLO,XA.S16.00.MH1,0
1973-06-14T19:05:01.099275Z,1973-06-14T21:05:00.948332Z,Moon-APOLLO,XA.S16.00.MH1,0
1973-06-21T20:00:01.149789Z,1973-06-21T22:00:00.998846Z,Moon-APOLLO,XA.S16.00.MH1,0
1973-06-25T20:02:00.139918Z,1973-06-25T23:59:56.064446Z,Moon-APOLLO,XA.S16.00.MH1,1
1973-07-05T06:04:00.013702Z,1973-07-05T08:59:59.862759Z,Moon-APOLLO,XA.S16.00.MH1,1
1973-07-16T03:00:00.010880Z,1973-07-16T04:59:59.859937Z,Moon-APOLLO,XA.S16.00.MH1,0
1973-08-15T03:09:00.024095Z,1973-08-15T23:59:57.684472Z,Moon-APOLLO,XA.S16.00.MH1,1
1973-08-22T17:36:43.067134Z,1973-08-22T19:36:42.916191Z,Moon-APOLLO,XA.S16.00.MH1,0
1973-08-30T03:18:13.084793Z,1973-08-30T05:18:12.933850Z,Moon-APOLLO,XA.S16.00.MH1,0
1973-09-08T18:07:00.080860Z,1973-09-08T20:06:59.929917Z,Moon-APOLLO,XA.S16.00.MH1,0
1973-10-04T03:02:00.029697Z,1973-10-04T10:59:59.878754Z,Moon-APOLLO,XA.S16.00.MH1,1
1973-10-14T17:03:00.137937Z,1973-10-14T18:59:59.911522Z,Moon-APOLLO,XA.S16.00.MH1,1
1973-10-16T16:09:00.109394Z,1973-10-16T18:08:59.958451Z,Moon-APOLLO,XA.S16.00.MH1,0
1973-10-28T05:04:00.120335Z,1973-10-28T07:03:59.969392Z,Moon-APOLLO,XA.S16.00.MH1,0
1973-11-02T05:03:00.041539Z,1973-11-02T08:59:59.966067Z,Moon-APOLLO,XA.S16.00.MH1,1
1973-11-20T21:00:00.028610Z,1973-11-20T22:59:59.877667Z,Moon-APOLLO,XA.S16.00.MH1,0
1973-12-04T13:00:00.077141Z,1973-12-04T14:59:59.926198Z,Moon-APOLLO,XA.S16.00.MH1,0
1973-12-11T07:03:00.019305Z,1973-12-11T07:59:59.943833Z,Moon-APOLLO,XA.S16.00.MH1,1
1973-12-15T12:07:00.063135Z,1973-12-15T15:59:59.987663Z,Moon-APOLLO,XA.S16.00.MH1,1
1973-12-22T18:00:00.108941Z,1973-12-22T19:59:59.957998Z,Moon-APOLLO,XA.S16.00.MH1,0
1973-12-28T15:08:00.129193Z,1973-12-28T17:07:59.978250Z,Moon-APOLLO,XA.S16.00.MH1,0
1974-01-19T19:20:44.012127Z,1974-01-19T21:20:43.861184Z,Moon-APOLLO,XA.S16.00.MH1,0
1974-01-31T03:38:10.046519Z,1974-01-31T05:38:09.895576Z,Moon-APOLLO,XA.S16.00.MH1,0
1974-02-09T23:00:00.121177Z,1974-02-10T08:59:59.819290Z,Moon-APOLLO,XA.S16.00.MH1,1
1974-02-26T10:58:43.076254Z,1974-02-26T12:58:42.925311Z,Moon-APOLLO,XA.S16.00.MH1,0
1974-02-26T14:01:00.132911Z,1974-02-26T16:59:59.906496Z,Moon-APOLLO,XA.S16.00.MH1,1
1974-02-26T22:02:00.057510Z,1974-02-27T00:01:59.906567Z,Moon-APOLLO,XA.S16.00.MH1,0
1974-03-14T19:04:00.131281Z,1974-03-14T21:03:59.980338Z,Moon-APOLLO,XA.S16.00.MH1,0
1974-04-15T16:00:01.101435Z,1974-04-15T18:00:00.950492Z,Moon-APOLLO,XA.S16.00.MH1,0
1974-04-24T03:19:19.139556Z,1974-04-24T05:19:18.988613Z,Moon-APOLLO,XA.S16.00.MH1,0
1974-05-04T03:20:02.007257Z,1974-05-04T05:20:01.856314Z,Moon-APOLLO,XA.S16.00.MH1,0
1974-05-24T08:08:00.020199Z,1974-05-24T09:08:59.944727Z,Moon-APOLLO,XA.S16.00.MH1,1
1974-06-04T08:03:00.141373Z,1974-06-04T10:02:59.990430Z,Moon-APOLLO,XA.S16.00.MH1,0
1974-06-22T13:02:00.095767Z,1974-06-22T14:05:59.944824Z,Moon-APOLLO,XA.S16.00.MH1,1
1974-07-08T05:02:00.150261Z,1974-07-08T07:01:59.848374Z,Moon-APOLLO,XA.S16.00.MH1,0
1974-07-11T03:02:00.010780Z,1974-07-11T05:01:59.859837Z,Moon-APOLLO,XA.S16.00.MH1,0
1974-07-22T09:07:00.117144Z,1974-07-22T11:06:59.966201Z,Moon-APOLLO,XA.S16.00.MH1,0
1974-09-09T10:28:08.086734Z,1974-09-09T12:28:07.935791Z,Moon-APOLLO,XA.S16.00.MH1,0
1974-09-13T06:05:00.034998Z,1974-09-13T08:59:59.959526Z,Moon-APOLLO,XA.S16.00.MH1,1
1974-10-31T08:00:00.126675Z,1974-10-31T13:59:59.975732Z,Moon-APOLLO,XA.S16.00.MH1,1
1974-11-14T10:07:00.037062Z,1974-11-14T12:06:59.886119Z,Moon-APOLLO,XA.S16.00.MH1,0
1974-11-21T17:05:00.117432Z,1974-11-21T19:04:59.966489Z,Moon-APOLLO,XA.S16.00.MH1,0
1974-12-12T07:05:00.021785Z,1974-12-12T09:04:59.870842Z,Moon-APOLLO,XA.S16.00.MH1,0
1975-01-05T02:05:00.070247Z,1975-01-05T04:04:59.919304Z,Moon-APOLLO,XA.S16.00.MH1,0
1975-01-09T17:24:47.025436Z,1975-01-09T19:24:46.874493Z,Moon-APOLLO,XA.S16.00.MH1,0
1975-01-12T12:00:01.105680Z,1975-01-12T14:00:00.954737Z,Moon-APOLLO,XA.S16.00.MH1,0
1975-01-13T11:08:00.102346Z,1975-01-13T14:04:59.875931Z,Moon-APOLLO,XA.S16.00.MH1,1
1975-01-17T04:40:56.115648Z,1975-01-17T06:40:55.964705Z,Moon-APOLLO,XA.S16.00.MH1,0
1975-01-26T08:08:00.065920Z,1975-01-26T10:07:59.914977Z,Moon-APOLLO,XA.S16.00.MH1,0
1975-01-28T14:06:00.098414Z,1975-01-28T16:59:59.947471Z,Moon-APOLLO,XA.S16.00.MH1,1
1975-01-29T02:15:15.142633Z,1975-01-29T04:15:14.991690Z,Moon-APOLLO,XA.S16.00.MH1,0
1975-02-04T21:44:59.046198Z,1975-02-04T23:44:58.895255Z,Moon-APOLLO,XA.S16.00.MH1,0
1975-02-11T06:00:01.079858Z,1975-02-11T08:00:00.928915Z,Moon-APOLLO,XA.S16.00.MH1,0
1975-02-20T15:02:18.089534Z,1975-02-20T17:02:17.938591Z,Moon-APOLLO,XA.S16.00.MH1,0
1975-02-22T12:08:00.115948Z,1975-02-22T18:59:59.965005Z,Moon-APOLLO,XA.S16.00.MH1,1
1975-02-28T14:08:00.125581Z,1975-02-28T22:59:59.974638Z,Moon-APOLLO,XA.S16.00.MH1,1
1975-03-08T03:09:03.037347Z,1975-03-08T05:09:02.886404Z,Moon-APOLLO,XA.S16.00.MH1,0
1975-03-28T12:00:00.015071Z,1975-03-28T13:59:59.864128Z,Moon-APOLLO,XA.S16.00.MH1,1
1975-05-10T20:00:00.054304Z,1975-05-11T03:04:59.827889Z,Moon-APOLLO,XA.S16.00.MH1,1
1975-05-15T23:06:00.003868Z,1975-05-16T01:06:00.003868Z,Moon-APOLLO,XA.S16.00.MH1,0
1975-05-23T01:05:00.021399Z,1975-05-23T03:04:59.870456Z,Moon-APOLLO,XA.S16.00.MH1,0
1975-05-29T07:02:00.125671Z,1975-05-29T09:01:59.974728Z,Moon-APOLLO,XA.S16.00.MH1,0
1975-06-19T15:00:00.125588Z,1975-06-19T16:59:59.974645Z,Moon-APOLLO,XA.S16.00.MH1,0
1975-06-20T13:01:00.142893Z,1975-06-20T15:00:59.991950Z,Moon-APOLLO,XA.S16.00.MH1,0
1977-04-08T15:03:00.117383Z,1977-04-08T21:59:59.890968Z,Moon-APOLLO,XA.S16.00.MH1,1
1977-04-17T02:56:34.023720Z,1977-04-17T04:56:33.872777Z,Moon-APOLLO,XA.S16.00.MH1,0
1977-05-05T23:02:00.015050Z,1977-05-06T01:01:59.864107Z,Moon-APOLLO,XA.S16.00.MH1,0
1977-05-13T15:07:00.146912Z,1977-05-13T17:06:59.995969Z,Moon-APOLLO,XA.S16.00.MH1,0
1977-05-18T10:27:08.037357Z,1977-05-18T12:27:07.886414Z,Moon-APOLLO,XA.S16.00.MH1,0
1977-05-19T14:00:01.009047Z,1977-05-19T16:00:00.858104Z,Moon-APOLLO,XA.S16.00.MH1,0
1977-05-20T20:04:00.076679Z,1977-05-20T22:59:59.925736Z,Moon-APOLLO,XA.S16.00.MH1,1
1977-06-14T02:04:00.090610Z,1977-06-14T09:59:59.939667Z,Moon-APOLLO,XA.S16.00.MH1,1
1977-07-08T16:52:25.024562Z,1977-07-08T18:52:24.873619Z,Moon-APOLLO,XA.S16.00.MH1,0
1977-07-19T13:54:00.125120Z,1977-07-19T15:53:59.974177Z,Moon-APOLLO,XA.S16.00.MH1,0
1977-07-30T21:02:00.120917Z,1977-07-30T21:59:59.969974Z,Moon-APOLLO,XA.S16.00.MH1,1
1977-08-21T02:04:00.036199Z,1977-08-21T04:59:59.885256Z,Moon-APOLLO,XA.S16.00.MH1,1
1977-08-23T23:03:00.000837Z,1977-08-24T01:59:59.925365Z,Moon-APOLLO,XA.S16.00.MH1,1
1977-09-05T17:54:35.028694Z,1977-09-05T19:54:34.877751Z,Moon-APOLLO,XA.S16.00.MH1,0
1977-09-17T03:06:00.055701Z,1977-09-17T05:59:59.904758Z,Moon-APOLLO,XA.S16.00.MH1,1
1977-09-18T16:03:00.011547Z,1977-09-18T19:59:59.936075Z,Moon-APOLLO,XA.S16.00.MH1,1
1977-09-21T15:03:00.140094Z,1977-09-21T17:06:59.989151Z,Moon-APOLLO,XA.S16.00.MH1,1
1972-04-24T08:42:08.027977Z,1972-04-24T10:42:07.877034Z,Moon-APOLLO,XA.S16.00.MH1,0
1972-04-29T09:06:00.118792Z,1972-04-29T18:59:59.967849Z,Moon-APOLLO,XA.S16.00.MH1,1
1972-05-10T11:01:00.054407Z,1972-05-10T13:00:59.903464Z,Moon-APOLLO,XA.S16.00.MH1,0
1972-05-19T08:02:00.022992Z,1972-05-19T14:59:59.872049Z,Moon-APOLLO,XA.S16.00.MH1,1
1972-06-07T19:05:00.063030Z,1972-06-07T20:59:59.987558Z,Moon-APOLLO,XA.S16.00.MH1,1
1972-06-15T19:02:00.081918Z,1972-06-15T21:01:59.930975Z,Moon-APOLLO,XA.S16.00.MH1,0
1972-06-25T21:05:00.129060Z,1972-06-25T23:04:59.978117Z,Moon-APOLLO,XA.S16.00.MH1,0
1972-07-03T00:00:00.076822Z,1972-07-03T00:00:06.718331Z,Moon-APOLLO,XA.S16.00.MH1,0
1972-07-03T02:09:00.012696Z,1972-07-03T04:59:59.937224Z,Moon-APOLLO,XA.S16.00.MH1,1
1972-07-18T13:02:00.137044Z,1972-07-18T15:01:59.986101Z,Moon-APOLLO,XA.S16.00.MH1,0
1972-07-28T20:00:00.073854Z,1972-07-28T21:59:59.922911Z,Moon-APOLLO,XA.S16.00.MH1,1
1972-08-09T20:03:00.069436Z,1972-08-09T22:59:59.993964Z,Moon-APOLLO,XA.S16.00.MH1,1
1972-08-10T04:00:00.048029Z,1972-08-10T06:59:59.897086Z,Moon-APOLLO,XA.S16.00.MH1,1
1972-08-12T17:02:00.130462Z,1972-08-12T19:59:59.979519Z,Moon-APOLLO,XA.S16.00.MH1,1
1972-08-14T11:03:00.003138Z,1972-08-14T20:04:59.852195Z,Moon-APOLLO,XA.S16.00.MH1,1
1972-08-26T05:03:00.016945Z,1972-08-26T06:02:59.866002Z,Moon-APOLLO,XA.S16.00.MH1,1
1972-08-26T13:02:00.092736Z,1972-08-26T15:04:59.866321Z,Moon-APOLLO,XA.S16.00.MH1,1
1972-08-26T15:08:00.091143Z,1972-08-26T17:04:59.864728Z,Moon-APOLLO,XA.S16.00.MH1,1
1972-08-31T08:05:00.003995Z,1972-08-31T10:59:59.928523Z,Moon-APOLLO,XA.S16.00.MH1,1
1972-09-01T19:00:00.053230Z,1972-09-01T23:57:10.392853Z,Moon-APOLLO,XA.S16.00.MH1,1
1972-09-10T01:04:00.032877Z,1972-09-10T05:59:59.881934Z,Moon-APOLLO,XA.S16.00.MH1,1
1972-09-16T18:07:00.031243Z,1972-09-16T19:04:59.880300Z,Moon-APOLLO,XA.S16.00.MH1,1
1972-09-30T15:06:00.022394Z,1972-09-30T22:59:59.871451Z,Moon-APOLLO,XA.S16.00.MH1,1
1972-10-23T07:00:00.054435Z,1972-10-23T12:07:59.903492Z,Moon-APOLLO,XA.S16.00.MH1,1
1972-10-25T05:02:00.035654Z,1972-10-25T11:01:59.884711Z,Moon-APOLLO,XA.S16.00.MH1,1
1972-11-01T01:02:00.075187Z,1972-11-01T05:59:59.924244Z,Moon-APOLLO,XA.S16.00.MH1,1
1972-11-15T19:00:00.132755Z,1972-11-15T20:04:59.906340Z,Moon-APOLLO,XA.S16.00.MH1,1
1972-12-12T18:05:00.086160Z,1972-12-13T02:04:59.935217Z,Moon-APOLLO,XA.S16.00.MH1,1
1972-12-15T20:00:01.095966Z,1972-12-15T22:00:00.945023Z,Moon-APOLLO,XA.S16.00.MH1,0
1972-12-18T09:02:00.070329Z,1972-12-18T11:01:59.919386Z,Moon-APOLLO,XA.S16.00.MH1,0
1972-12-26T20:00:01.121623Z,1972-12-26T22:00:00.970680Z,Moon-APOLLO,XA.S16.00.MH1,0
1973-01-07T15:07:00.149946Z,1973-01-07T22:59:59.923531Z,Moon-APOLLO,XA.S16.00.MH1,1
1973-01-27T06:00:01.027003Z,1973-01-27T08:00:00.876060Z,Moon-APOLLO,XA.S16.00.MH1,0
1973-02-09T08:05:00.010590Z,1973-02-09T09:08:59.859647Z,Moon-APOLLO,XA.S16.00.MH1,1
1973-02-15T08:07:00.133084Z,1973-02-15T10:06:59.982141Z,Moon-APOLLO,XA.S16.00.MH1,0
1973-02-18T20:00:00.115138Z,1973-02-18T21:04:59.888723Z,Moon-APOLLO,XA.S16.00.MH1,1
1973-02-26T14:00:00.096419Z,1973-02-26T15:59:59.945476Z,Moon-APOLLO,XA.S16.00.MH1,1
1973-03-01T10:39:18.137517Z,1973-03-01T12:39:17.986574Z,Moon-APOLLO,XA.S16.00.MH1,0
1973-03-15T01:59:19.015918Z,1973-03-15T03:59:18.864975Z,Moon-APOLLO,XA.S16.00.MH2,0
1973-04-03T17:05:00.123397Z,1973-04-03T19:04:59.972454Z,Moon-APOLLO,XA.S16.00.MH2,0
1973-04-10T23:01:00.079440Z,1973-04-11T01:00:59.928497Z,Moon-APOLLO,XA.S16.00.MH2,0
1973-04-21T03:05:57.147353Z,1973-04-21T05:05:56.996410Z,Moon-APOLLO,XA.S16.00.MH2,0
1973-04-28T15:06:00.052518Z,1973-04-29T09:59:59.901575Z,Moon-APOLLO,XA.S16.00.MH2,1
1973-05-01T22:07:00.115053Z,1973-05-01T23:04:59.964110Z,Moon-APOLLO,XA.S16.00.MH2,1
1973-05-04T11:09:00.090800Z,1973-05-04T18:04:59.939857Z,Moon-APOLLO,XA.S16.00.MH2,1
1973-06-02T12:05:00.053844Z,1973-06-02T20:59:59.978372Z,Moon-APOLLO,XA.S16.00.MH2,1
1973-06-08T05:00:01.014503Z,1973-06-08T07:00:00.863560Z,Moon-APOLLO,XA.S16.00.MH2,0
1973-06-14T19:05:01.118427Z,1973-06-14T21:05:00.967484Z,Moon-APOLLO,XA.S16.00.MH2,0
1973-06-21T20:00:01.016841Z,1973-06-21T22:00:00.865898Z,Moon-APOLLO,XA.S16.00.MH2,0
1973-06-25T20:02:00.008213Z,1973-06-25T23:59:56.083685Z,Moon-APOLLO,XA.S16.00.MH2,1
1973-07-05T06:04:00.032699Z,1973-07-05T08:59:59.881756Z,Moon-APOLLO,XA.S16.00.MH2,1
1973-07-16T03:00:00.029835Z,1973-07-16T04:59:59.878892Z,Moon-APOLLO,XA.S16.00.MH2,0
1973-08-15T03:09:00.043089Z,1973-08-15T23:59:57.703466Z,Moon-APOLLO,XA.S16.00.MH2,1
1973-08-22T17:36:43.086176Z,1973-08-22T19:36:42.935233Z,Moon-APOLLO,XA.S16.00.MH2,0
1973-08-30T03:18:13.103795Z,1973-08-30T05:18:12.952852Z,Moon-APOLLO,XA.S16.00.MH2,0
1973-09-08T18:07:00.100009Z,1973-09-08T20:06:59.949066Z,Moon-APOLLO,XA.S16.00.MH2,0
1973-10-04T03:02:00.048858Z,1973-10-04T10:59:59.897915Z,Moon-APOLLO,XA.S16.00.MH2,1
1973-10-14T17:03:00.007615Z,1973-10-14T18:59:59.932143Z,Moon-APOLLO,XA.S16.00.MH2,1
1973-10-16T16:09:00.128459Z,1973-10-16T18:08:59.977516Z,Moon-APOLLO,XA.S16.00.MH2,0
1973-10-28T05:04:00.139367Z,1973-10-28T07:03:59.988424Z,Moon-APOLLO,XA.S16.00.MH2,0
1973-11-02T05:03:00.062031Z,1973-11-02T08:59:59.986559Z,Moon-APOLLO,XA.S16.00.MH2,1
1973-11-20T21:00:00.047718Z,1973-11-20T22:59:59.896775Z,Moon-APOLLO,XA.S16.00.MH2,0
1973-12-04T13:00:00.094633Z,1973-12-04T14:59:59.943690Z,Moon-APOLLO,XA.S16.00.MH2,0
1973-12-11T07:03:00.038185Z,1973-12-11T07:59:59.962713Z,Moon-APOLLO,XA.S16.00.MH2,1
1973-12-15T12:07:00.083601Z,1973-12-15T15:59:59.857186Z,Moon-APOLLO,XA.S16.00.MH2,1
1973-12-22T18:00:00.127926Z,1973-12-22T19:59:59.976983Z,Moon-APOLLO,XA.S16.00.MH2,0
1973-12-28T15:08:00.148178Z,1973-12-28T17:07:59.997235Z,Moon-APOLLO,XA.S16.00.MH2,0
1974-01-19T19:20:44.032936Z,1974-01-19T21:20:43.881993Z,Moon-APOLLO,XA.S16.00.MH2,0
1974-01-31T03:38:10.065566Z,1974-01-31T05:38:09.914623Z,Moon-APOLLO,XA.S16.00.MH2,0
1974-02-09T23:00:00.139219Z,1974-02-10T08:59:59.837332Z,Moon-APOLLO,XA.S16.00.MH2,1
1974-02-26T10:58:43.095263Z,1974-02-26T12:58:42.944320Z,Moon-APOLLO,XA.S16.00.MH2,0
1974-02-26T14:01:00.000977Z,1974-02-26T16:59:59.925505Z,Moon-APOLLO,XA.S16.00.MH2,1
1974-02-26T22:02:00.076511Z,1974-02-27T00:01:59.925568Z,Moon-APOLLO,XA.S16.00.MH2,0
1974-03-14T19:04:00.149597Z,1974-03-14T21:03:59.847710Z,Moon-APOLLO,XA.S16.00.MH2,0
1974-04-15T16:00:01.120437Z,1974-04-15T18:00:00.969494Z,Moon-APOLLO,XA.S16.00.MH2,0
1974-04-24T03:19:19.007609Z,1974-04-24T05:19:18.856666Z,Moon-APOLLO,XA.S16.00.MH2,0
1974-05-04T03:20:02.026265Z,1974-05-04T05:20:01.875322Z,Moon-APOLLO,XA.S16.00.MH2,0
1974-05-24T08:08:00.039196Z,1974-05-24T09:08:59.963724Z,Moon-APOLLO,XA.S16.00.MH2,1
1974-06-04T08:03:00.009412Z,1974-06-04T10:02:59.858469Z,Moon-APOLLO,XA.S16.00.MH2,0
1974-06-22T13:02:00.114787Z,1974-06-22T14:05:59.963844Z,Moon-APOLLO,XA.S16.00.MH2,1
1974-07-08T05:02:00.018277Z,1974-07-08T07:01:59.867334Z,Moon-APOLLO,XA.S16.00.MH2,0
1974-07-11T03:02:00.029156Z,1974-07-11T05:01:59.878213Z,Moon-APOLLO,XA.S16.00.MH2,0
1974-07-22T09:07:00.136152Z,1974-07-22T11:06:59.985209Z,Moon-APOLLO,XA.S16.00.MH2,0
1974-09-09T10:28:08.105716Z,1974-09-09T12:28:07.954773Z,Moon-APOLLO,XA.S16.00.MH2,0
1974-09-13T06:05:00.053998Z,1974-09-13T08:59:59.978526Z,Moon-APOLLO,XA.S16.00.MH2,1
1974-10-31T08:00:00.145587Z,1974-10-31T13:59:59.994644Z,Moon-APOLLO,XA.S16.00.MH2,1
1974-11-14T10:07:00.056054Z,1974-11-14T12:06:59.905111Z,Moon-APOLLO,XA.S16.00.MH2,0
1974-11-21T17:05:00.136700Z,1974-11-21T19:04:59.985757Z,Moon-APOLLO,XA.S16.00.MH2,0
1974-12-12T07:05:00.040784Z,1974-12-12T09:04:59.889841Z,Moon-APOLLO,XA.S16.00.MH2,0
1975-01-05T02:05:00.089244Z,1975-01-05T04:04:59.938301Z,Moon-APOLLO,XA.S16.00.MH2,0
1975-01-09T17:24:47.044496Z,1975-01-09T19:24:46.893553Z,Moon-APOLLO,XA.S16.00.MH2,0
1975-01-12T12:00:01.124679Z,1975-01-12T14:00:00.973736Z,Moon-APOLLO,XA.S16.00.MH2,0
1975-01-13T11:08:00.121373Z,1975-01-13T14:04:59.894958Z,Moon-APOLLO,XA.S16.00.MH2,1
1975-01-17T04:40:56.134648Z,1975-01-17T06:40:55.983705Z,Moon-APOLLO,XA.S16.00.MH2,0
1975-01-26T08:08:00.084984Z,1975-01-26T10:07:59.934041Z,Moon-APOLLO,XA.S16.00.MH2,0
1975-01-28T14:06:00.119894Z,1975-01-28T16:59:59.968951Z,Moon-APOLLO,XA.S16.00.MH2,1
1975-01-29T02:15:15.010574Z,1975-01-29T04:15:14.859631Z,Moon-APOLLO,XA.S16.00.MH2,0
1975-02-04T21:44:59.065261Z,1975-02-04T23:44:58.914318Z,Moon-APOLLO,XA.S16.00.MH2,0
1975-02-11T06:00:01.098852Z,1975-02-11T08:00:00.947909Z,Moon-APOLLO,XA.S16.00.MH2,0
1975-02-20T15:02:18.108566Z,1975-02-20T17:02:17.957623Z,Moon-APOLLO,XA.S16.00.MH2,0
1975-02-22T12:08:00.132497Z,1975-02-22T18:59:59.981554Z,Moon-APOLLO,XA.S16.00.MH2,1
1975-02-28T14:08:00.143958Z,1975-02-28T22:59:59.993015Z,Moon-APOLLO,XA.S16.00.MH2,1
1975-03-08T03:09:03.056329Z,1975-03-08T05:09:02.905386Z,Moon-APOLLO,XA.S16.00.MH2,0
1975-03-28T12:00:00.034004Z,1975-03-28T13:59:59.883061Z,Moon-APOLLO,XA.S16.00.MH2,1
1975-05-10T20:00:00.073319Z,1975-05-11T03:04:59.846904Z,Moon-APOLLO,XA.S16.00.MH2,1
1975-05-15T23:06:00.022892Z,1975-05-16T01:06:00.022892Z,Moon-APOLLO,XA.S16.00.MH2,0
1975-05-23T01:05:00.040400Z,1975-05-23T03:04:59.889457Z,Moon-APOLLO,XA.S16.00.MH2,0
1975-05-29T07:02:00.144501Z,1975-05-29T09:01:59.993558Z,Moon-APOLLO,XA.S16.00.MH2,0
1975-06-19T15:00:00.144802Z,1975-06-19T16:59:59.993859Z,Moon-APOLLO,XA.S16.00.MH2,0
1975-06-20T13:01:00.011100Z,1975-06-20T15:00:59.860157Z,Moon-APOLLO,XA.S16.00.MH2,0
1977-04-08T15:03:00.135323Z,1977-04-08T21:59:59.908908Z,Moon-APOLLO,XA.S16.00.MH2,1
1977-04-17T02:56:34.042717Z,1977-04-17T04:56:33.891774Z,Moon-APOLLO,XA.S16.00.MH2,0
1977-05-05T23:02:00.033228Z,1977-05-06T01:01:59.882285Z,Moon-APOLLO,XA.S16.00.MH2,0
1977-05-13T15:07:00.014967Z,1977-05-13T17:06:59.864024Z,Moon-APOLLO,XA.S16.00.MH2,0
1977-05-18T10:27:08.056198Z,1977-05-18T12:27:07.905255Z,Moon-APOLLO,XA.S16.00.MH2,0
1977-05-19T14:00:01.028037Z,1977-05-19T16:00:00.877094Z,Moon-APOLLO,XA.S16.00.MH2,0
1977-05-20T20:04:00.095685Z,1977-05-20T22:59:59.944742Z,Moon-APOLLO,XA.S16.00.MH2,1
1977-06-14T02:04:00.109571Z,1977-06-14T09:59:59.958628Z,Moon-APOLLO,XA.S16.00.MH2,1
1977-07-08T16:52:25.043651Z,1977-07-08T18:52:24.892708Z,Moon-APOLLO,XA.S16.00.MH2,0
1977-07-19T13:54:00.144133Z,1977-07-19T15:53:59.993190Z,Moon-APOLLO,XA.S16.00.MH2,0
1977-07-30T21:02:00.139876Z,1977-07-30T21:59:59.988933Z,Moon-APOLLO,XA.S16.00.MH2,1
1977-08-21T02:04:00.055448Z,1977-08-21T04:59:59.904505Z,Moon-APOLLO,XA.S16.00.MH2,1
1977-08-23T23:03:00.019874Z,1977-08-24T01:59:59.944402Z,Moon-APOLLO,XA.S16.00.MH2,1
1977-09-05T17:54:35.047755Z,1977-09-05T19:54:34.896812Z,Moon-APOLLO,XA.S16.00.MH2,0
1977-09-17T03:06:00.074701Z,1977-09-17T05:59:59.923758Z,Moon-APOLLO,XA.S16.00.MH2,1
1977-09-18T16:03:00.030580Z,1977-09-18T19:59:59.955108Z,Moon-APOLLO,XA.S16.00.MH2,1
1977-09-21T15:03:00.010319Z,1977-09-21T17:06:59.859376Z,Moon-APOLLO,XA.S16.00.MH2,1
1972-04-24T08:42:08.044657Z,1972-04-24T10:42:07.893714Z,Moon-APOLLO,XA.S16.00.MH2,0
1972-04-29T09:06:00.137690Z,1972-04-29T18:59:59.986747Z,Moon-APOLLO,XA.S16.00.MH2,1
1972-05-10T11:01:00.073450Z,1972-05-10T13:00:59.922507Z,Moon-APOLLO,XA.S16.00.MH2,0
1972-05-19T08:02:00.041998Z,1972-05-19T14:59:59.891055Z,Moon-APOLLO,XA.S16.00.MH2,1
1972-06-07T19:05:00.082028Z,1972-06-07T20:59:59.855613Z,Moon-APOLLO,XA.S16.00.MH2,1
1972-06-15T19:02:00.100931Z,1972-06-15T21:01:59.949988Z,Moon-APOLLO,XA.S16.00.MH2,0
1972-06-25T21:05:00.148052Z,1972-06-25T23:04:59.997109Z,Moon-APOLLO,XA.S16.00.MH2,0
1972-07-03T00:00:00.096158Z,1972-07-03T00:00:06.737667Z,Moon-APOLLO,XA.S16.00.MH2,0
1972-07-03T02:09:00.034301Z,1972-07-03T04:59:59.958829Z,Moon-APOLLO,XA.S16.00.MH2,1
1972-07-18T13:02:00.005769Z,1972-07-18T15:01:59.854826Z,Moon-APOLLO,XA.S16.00.MH2,0
1972-07-28T20:00:00.092444Z,1972-07-28T21:59:59.941501Z,Moon-APOLLO,XA.S16.00.MH2,1
1972-08-09T20:03:00.088431Z,1972-08-09T22:59:59.862016Z,Moon-APOLLO,XA.S16.00.MH2,1
1972-08-10T04:00:00.067025Z,1972-08-10T06:59:59.916082Z,Moon-APOLLO,XA.S16.00.MH2,1
1972-08-12T17:02:00.149467Z,1972-08-12T19:59:59.847580Z,Moon-APOLLO,XA.S16.00.MH2,1
1972-08-14T11:03:00.022154Z,1972-08-14T20:04:59.871211Z,Moon-APOLLO,XA.S16.00.MH2,1
1972-08-26T05:03:00.035863Z,1972-08-26T06:02:59.884920Z,Moon-APOLLO,XA.S16.00.MH2,1
1972-08-26T13:02:00.111510Z,1972-08-26T15:04:59.885095Z,Moon-APOLLO,XA.S16.00.MH2,1
1972-08-26T15:08:00.109905Z,1972-08-26T17:04:59.883490Z,Moon-APOLLO,XA.S16.00.MH2,1
1972-08-31T08:05:00.022947Z,1972-08-31T10:59:59.947475Z,Moon-APOLLO,XA.S16.00.MH2,1
1972-09-01T19:00:00.072232Z,1972-09-01T23:57:10.411855Z,Moon-APOLLO,XA.S16.00.MH2,1
1972-09-10T01:04:00.051877Z,1972-09-10T05:59:59.900934Z,Moon-APOLLO,XA.S16.00.MH2,1
1972-09-16T18:07:00.050115Z,1972-09-16T19:04:59.899172Z,Moon-APOLLO,XA.S16.00.MH2,1
1972-09-30T15:06:00.041370Z,1972-09-30T22:59:59.890427Z,Moon-APOLLO,XA.S16.00.MH2,1
1972-10-23T07:00:00.073380Z,1972-10-23T12:07:59.922437Z,Moon-APOLLO,XA.S16.00.MH2,1
1972-10-25T05:02:00.054451Z,1972-10-25T11:01:59.903508Z,Moon-APOLLO,XA.S16.00.MH2,1
1972-11-01T01:02:00.094187Z,1972-11-01T05:59:59.943244Z,Moon-APOLLO,XA.S16.00.MH2,1
1972-11-15T19:00:00.000928Z,1972-11-15T20:04:59.925456Z,Moon-APOLLO,XA.S16.00.MH2,1
1972-12-12T18:05:00.104797Z,1972-12-13T02:04:59.953854Z,Moon-APOLLO,XA.S16.00.MH2,1
1972-12-15T20:00:01.114995Z,1972-12-15T22:00:00.964052Z,Moon-APOLLO,XA.S16.00.MH2,0
1972-12-18T09:02:00.089336Z,1972-12-18T11:01:59.938393Z,Moon-APOLLO,XA.S16.00.MH2,0
1972-12-26T20:00:01.142088Z,1972-12-26T22:00:00.991145Z,Moon-APOLLO,XA.S16.00.MH2,0
1973-01-07T15:07:00.018002Z,1973-01-07T22:59:59.942530Z,Moon-APOLLO,XA.S16.00.MH2,1
1973-01-27T06:00:01.046015Z,1973-01-27T08:00:00.895072Z,Moon-APOLLO,XA.S16.00.MH2,0
1973-02-09T08:05:00.030037Z,1973-02-09T09:08:59.879094Z,Moon-APOLLO,XA.S16.00.MH2,1
1973-02-15T08:07:00.001219Z,1973-02-15T10:06:59.850276Z,Moon-APOLLO,XA.S16.00.MH2,0
1973-02-18T20:00:00.134026Z,1973-02-18T21:04:59.907611Z,Moon-APOLLO,XA.S16.00.MH2,1
1973-02-26T14:00:00.115376Z,1973-02-26T15:59:59.964433Z,Moon-APOLLO,XA.S16.00.MH2,1
1973-03-01T10:39:18.005595Z,1973-03-01T12:39:17.854652Z,Moon-APOLLO,XA.S16.00.MH2,0
1973-03-15T01:59:19.034967Z,1973-03-15T03:59:18.884024Z,Moon-APOLLO,XA.S16.00.MHZ,0
1973-04-03T17:05:00.142408Z,1973-04-03T19:04:59.991465Z,Moon-APOLLO,XA.S16.00.MHZ,0
1973-04-10T23:01:00.097852Z,1973-04-11T01:00:59.946909Z,Moon-APOLLO,XA.S16.00.MHZ,0
1973-04-21T03:05:57.015648Z,1973-04-21T05:05:56.864705Z,Moon-APOLLO,XA.S16.00.MHZ,0
1973-04-28T15:06:00.071700Z,1973-04-29T09:59:59.920757Z,Moon-APOLLO,XA.S16.00.MHZ,1
1973-05-01T22:07:00.134125Z,1973-05-01T23:04:59.983182Z,Moon-APOLLO,XA.S16.00.MHZ,1
1973-05-04T11:09:00.109808Z,1973-05-04T18:04:59.958865Z,Moon-APOLLO,XA.S16.00.MHZ,1
1973-06-02T12:05:00.072850Z,1973-06-02T20:59:59.997378Z,Moon-APOLLO,XA.S16.00.MHZ,1
1973-06-08T05:00:01.034016Z,1973-06-08T07:00:00.883073Z,Moon-APOLLO,XA.S16.00.MHZ,0
1973-06-14T19:05:01.136851Z,1973-06-14T21:05:00.985908Z,Moon-APOLLO,XA.S16.00.MHZ,0
1973-06-21T20:00:01.037370Z,1973-06-21T22:00:00.886427Z,Moon-APOLLO,XA.S16.00.MHZ,0
1973-06-25T20:02:00.026959Z,1973-06-25T23:59:56.102431Z,Moon-APOLLO,XA.S16.00.MHZ,1
1973-07-05T06:04:00.051702Z,1973-07-05T08:59:59.900759Z,Moon-APOLLO,XA.S16.00.MHZ,1
1973-07-16T03:00:00.048909Z,1973-07-16T04:59:59.897966Z,Moon-APOLLO,XA.S16.00.MHZ,0
1973-08-15T03:09:00.062123Z,1973-08-15T23:59:57.722500Z,Moon-APOLLO,XA.S16.00.MHZ,1
1973-08-22T17:36:43.105246Z,1973-08-22T19:36:42.954303Z,Moon-APOLLO,XA.S16.00.MHZ,0
1973-08-30T03:18:13.122795Z,1973-08-30T05:18:12.971852Z,Moon-APOLLO,XA.S16.00.MHZ,0
1973-09-08T18:07:00.119325Z,1973-09-08T20:06:59.968382Z,Moon-APOLLO,XA.S16.00.MHZ,0
1973-10-04T03:02:00.065620Z,1973-10-04T10:59:59.914677Z,Moon-APOLLO,XA.S16.00.MHZ,1
1973-10-14T17:03:00.025621Z,1973-10-14T18:59:59.950149Z,Moon-APOLLO,XA.S16.00.MHZ,1
1973-10-16T16:09:00.147481Z,1973-10-16T18:08:59.996538Z,Moon-APOLLO,XA.S16.00.MHZ,0
1973-10-28T05:04:00.007424Z,1973-10-28T07:03:59.856481Z,Moon-APOLLO,XA.S16.00.MHZ,0
1973-11-02T05:03:00.080927Z,1973-11-02T08:59:59.854512Z,Moon-APOLLO,XA.S16.00.MHZ,1
1973-11-20T21:00:00.066582Z,1973-11-20T22:59:59.915639Z,Moon-APOLLO,XA.S16.00.MHZ,0
1973-12-04T13:00:00.115846Z,1973-12-04T14:59:59.964903Z,Moon-APOLLO,XA.S16.00.MHZ,0
1973-12-11T07:03:00.057353Z,1973-12-11T07:59:59.981881Z,Moon-APOLLO,XA.S16.00.MHZ,1
1973-12-15T12:07:00.101649Z,1973-12-15T15:59:59.875234Z,Moon-APOLLO,XA.S16.00.MHZ,1
1973-12-22T18:00:00.146982Z,1973-12-22T19:59:59.996039Z,Moon-APOLLO,XA.S16.00.MHZ,0
1973-12-28T15:08:00.016204Z,1973-12-28T17:07:59.865261Z,Moon-APOLLO,XA.S16.00.MHZ,0
1974-01-19T19:20:44.050149Z,1974-01-19T21:20:43.899206Z,Moon-APOLLO,XA.S16.00.MHZ,0
1974-01-31T03:38:10.084982Z,1974-01-31T05:38:09.934039Z,Moon-APOLLO,XA.S16.00.MHZ,0
1974-02-09T23:00:00.008858Z,1974-02-10T08:59:59.857915Z,Moon-APOLLO,XA.S16.00.MHZ,1
1974-02-26T10:58:43.114271Z,1974-02-26T12:58:42.963328Z,Moon-APOLLO,XA.S16.00.MHZ,0
1974-02-26T14:01:00.019985Z,1974-02-26T16:59:59.944513Z,Moon-APOLLO,XA.S16.00.MHZ,1
1974-02-26T22:02:00.095537Z,1974-02-27T00:01:59.793650Z,Moon-APOLLO,XA.S16.00.MHZ,0
1974-03-14T19:04:00.018021Z,1974-03-14T21:03:59.867078Z,Moon-APOLLO,XA.S16.00.MHZ,0
1974-04-15T16:00:01.139506Z,1974-04-15T18:00:00.988563Z,Moon-APOLLO,XA.S16.00.MHZ,0
1974-04-24T03:19:19.026616Z,1974-04-24T05:19:18.875673Z,Moon-APOLLO,XA.S16.00.MHZ,0
1974-05-04T03:20:02.045304Z,1974-05-04T05:20:01.894361Z,Moon-APOLLO,XA.S16.00.MHZ,0
1974-05-24T08:08:00.058199Z,1974-05-24T09:08:59.982727Z,Moon-APOLLO,XA.S16.00.MHZ,1
1974-06-04T08:03:00.028504Z,1974-06-04T10:02:59.877561Z,Moon-APOLLO,XA.S16.00.MHZ,0
1974-06-22T13:02:00.133806Z,1974-06-22T14:05:59.982863Z,Moon-APOLLO,XA.S16.00.MHZ,1
1974-07-08T05:02:00.037540Z,1974-07-08T07:01:59.886597Z,Moon-APOLLO,XA.S16.00.MHZ,0
1974-07-11T03:02:00.046628Z,1974-07-11T05:01:59.895685Z,Moon-APOLLO,XA.S16.00.MHZ,0
1974-07-22T09:07:00.004212Z,1974-07-22T11:06:59.853269Z,Moon-APOLLO,XA.S16.00.MHZ,0
1974-09-09T10:28:08.124851Z,1974-09-09T12:28:07.973908Z,Moon-APOLLO,XA.S16.00.MHZ,0
1974-09-13T06:05:00.073011Z,1974-09-13T08:59:59.846596Z,Moon-APOLLO,XA.S16.00.MHZ,1
1974-10-31T08:00:00.013788Z,1974-10-31T13:59:59.862845Z,Moon-APOLLO,XA.S16.00.MHZ,1
1974-11-14T10:07:00.075068Z,1974-11-14T12:06:59.924125Z,Moon-APOLLO,XA.S16.00.MHZ,0
1974-11-21T17:05:00.003506Z,1974-11-21T19:04:59.852563Z,Moon-APOLLO,XA.S16.00.MHZ,0
1974-12-12T07:05:00.059795Z,1974-12-12T09:04:59.908852Z,Moon-APOLLO,XA.S16.00.MHZ,0
1975-01-05T02:05:00.108262Z,1975-01-05T04:04:59.957319Z,Moon-APOLLO,XA.S16.00.MHZ,0
1975-01-09T17:24:47.063538Z,1975-01-09T19:24:46.912595Z,Moon-APOLLO,XA.S16.00.MHZ,0
1975-01-12T12:00:01.143700Z,1975-01-12T14:00:00.992757Z,Moon-APOLLO,XA.S16.00.MHZ,0
1975-01-13T11:08:00.140392Z,1975-01-13T14:04:59.913977Z,Moon-APOLLO,XA.S16.00.MHZ,1
1975-01-17T04:40:56.002708Z,1975-01-17T06:40:55.851765Z,Moon-APOLLO,XA.S16.00.MHZ,0
1975-01-26T08:08:00.103972Z,1975-01-26T10:07:59.953029Z,Moon-APOLLO,XA.S16.00.MHZ,0
1975-01-28T14:06:00.136483Z,1975-01-28T16:59:59.985540Z,Moon-APOLLO,XA.S16.00.MHZ,1
1975-01-29T02:15:15.029706Z,1975-01-29T04:15:14.878763Z,Moon-APOLLO,XA.S16.00.MHZ,0
1975-02-04T21:44:59.084389Z,1975-02-04T23:44:58.933446Z,Moon-APOLLO,XA.S16.00.MHZ,0
1975-02-11T06:00:01.117852Z,1975-02-11T08:00:00.966909Z,Moon-APOLLO,XA.S16.00.MHZ,0
1975-02-20T15:02:18.128440Z,1975-02-20T17:02:17.977497Z,Moon-APOLLO,XA.S16.00.MHZ,0
1975-02-22T12:08:00.000793Z,1975-02-22T18:59:59.849850Z,Moon-APOLLO,XA.S16.00.MHZ,1
1975-02-28T14:08:00.012952Z,1975-02-28T22:59:59.862009Z,Moon-APOLLO,XA.S16.00.MHZ,1
1975-03-08T03:09:03.075388Z,1975-03-08T05:09:02.924445Z,Moon-APOLLO,XA.S16.00.MHZ,0
1975-03-28T12:00:00.053118Z,1975-03-28T13:59:59.902175Z,Moon-APOLLO,XA.S16.00.MHZ,1
1975-05-10T20:00:00.092347Z,1975-05-11T03:04:59.865932Z,Moon-APOLLO,XA.S16.00.MHZ,1
1975-05-15T23:06:00.041937Z,1975-05-16T01:06:00.041937Z,Moon-APOLLO,XA.S16.00.MHZ,0
1975-05-23T01:05:00.059400Z,1975-05-23T03:04:59.908457Z,Moon-APOLLO,XA.S16.00.MHZ,0
1975-05-29T07:02:00.013069Z,1975-05-29T09:01:59.862126Z,Moon-APOLLO,XA.S16.00.MHZ,0
1975-06-19T15:00:00.013309Z,1975-06-19T16:59:59.862366Z,Moon-APOLLO,XA.S16.00.MHZ,0
1975-06-20T13:01:00.030447Z,1975-06-20T15:00:59.879504Z,Moon-APOLLO,XA.S16.00.MHZ,0
1977-04-08T15:03:00.004367Z,1977-04-08T21:59:59.928895Z,Moon-APOLLO,XA.S16.00.MHZ,1
1977-04-17T02:56:34.061722Z,1977-04-17T04:56:33.910779Z,Moon-APOLLO,XA.S16.00.MHZ,0
1977-05-05T23:02:00.053508Z,1977-05-06T01:01:59.902565Z,Moon-APOLLO,XA.S16.00.MHZ,0
1977-05-13T15:07:00.034054Z,1977-05-13T17:06:59.883111Z,Moon-APOLLO,XA.S16.00.MHZ,0
1977-05-18T10:27:08.075354Z,1977-05-18T12:27:07.924411Z,Moon-APOLLO,XA.S16.00.MHZ,0
1977-05-19T14:00:01.047051Z,1977-05-19T16:00:00.896108Z,Moon-APOLLO,XA.S16.00.MHZ,0
1977-05-20T20:04:00.114669Z,1977-05-20T22:59:59.963726Z,Moon-APOLLO,XA.S16.00.MHZ,1
1977-06-14T02:04:00.128588Z,1977-06-14T09:59:59.977645Z,Moon-APOLLO,XA.S16.00.MHZ,1
1977-07-08T16:52:25.060245Z,1977-07-08T18:52:24.909302Z,Moon-APOLLO,XA.S16.00.MHZ,0
1977-07-19T13:54:00.012278Z,1977-07-19T15:53:59.861335Z,Moon-APOLLO,XA.S16.00.MHZ,0
1977-07-30T21:02:00.008177Z,1977-07-30T21:59:59.857234Z,Moon-APOLLO,XA.S16.00.MHZ,1
1977-08-21T02:04:00.074803Z,1977-08-21T04:59:59.923860Z,Moon-APOLLO,XA.S16.00.MHZ,1
1977-08-23T23:03:00.037931Z,1977-08-24T01:59:59.962459Z,Moon-APOLLO,XA.S16.00.MHZ,1
1977-09-05T17:54:35.066805Z,1977-09-05T19:54:34.915862Z,Moon-APOLLO,XA.S16.00.MHZ,0
1977-09-17T03:06:00.093701Z,1977-09-17T05:59:59.942758Z,Moon-APOLLO,XA.S16.00.MHZ,1
1977-09-18T16:03:00.049594Z,1977-09-18T19:59:59.974122Z,Moon-APOLLO,XA.S16.00.MHZ,1
1977-09-21T15:03:00.028476Z,1977-09-21T17:06:59.877533Z,Moon-APOLLO,XA.S16.00.MHZ,1
1972-04-24T08:42:08.064633Z,1972-04-24T10:42:07.913690Z,Moon-APOLLO,XA.S16.00.MHZ,0
1972-04-29T09:06:00.005906Z,1972-04-29T18:59:59.854963Z,Moon-APOLLO,XA.S16.00.MHZ,1
1972-05-10T11:01:00.092463Z,1972-05-10T13:00:59.941520Z,Moon-APOLLO,XA.S16.00.MHZ,0
1972-05-19T08:02:00.061009Z,1972-05-19T14:59:59.910066Z,Moon-APOLLO,XA.S16.00.MHZ,1
1972-06-07T19:05:00.101069Z,1972-06-07T20:59:59.874654Z,Moon-APOLLO,XA.S16.00.MHZ,1
1972-06-15T19:02:00.119883Z,1972-06-15T21:01:59.968940Z,Moon-APOLLO,XA.S16.00.MHZ,0
1972-06-25T21:05:00.016026Z,1972-06-25T23:04:59.865083Z,Moon-APOLLO,XA.S16.00.MHZ,0
1972-07-03T00:00:00.115676Z,1972-07-03T00:00:06.757185Z,Moon-APOLLO,XA.S16.00.MHZ,0
1972-07-03T02:09:00.050711Z,1972-07-03T04:59:59.975239Z,Moon-APOLLO,XA.S16.00.MHZ,1
1972-07-18T13:02:00.025738Z,1972-07-18T15:01:59.874795Z,Moon-APOLLO,XA.S16.00.MHZ,0
1972-07-28T20:00:00.111991Z,1972-07-28T21:59:59.961048Z,Moon-APOLLO,XA.S16.00.MHZ,1
1972-08-09T20:03:00.107414Z,1972-08-09T22:59:59.880999Z,Moon-APOLLO,XA.S16.00.MHZ,1
1972-08-10T04:00:00.086033Z,1972-08-10T06:59:59.935090Z,Moon-APOLLO,XA.S16.00.MHZ,1
1972-08-12T17:02:00.017574Z,1972-08-12T19:59:59.866631Z,Moon-APOLLO,XA.S16.00.MHZ,1
1972-08-14T11:03:00.041154Z,1972-08-14T20:04:59.890211Z,Moon-APOLLO,XA.S16.00.MHZ,1
1972-08-26T05:03:00.054991Z,1972-08-26T06:02:59.904048Z,Moon-APOLLO,XA.S16.00.MHZ,1
1972-08-26T13:02:00.130861Z,1972-08-26T15:04:59.904446Z,Moon-APOLLO,XA.S16.00.MHZ,1
1972-08-26T15:08:00.129317Z,1972-08-26T17:04:59.902902Z,Moon-APOLLO,XA.S16.00.MHZ,1
1972-08-31T08:05:00.042028Z,1972-08-31T10:59:59.966556Z,Moon-APOLLO,XA.S16.00.MHZ,1
1972-09-01T19:00:00.091184Z,1972-09-01T23:57:10.430807Z,Moon-APOLLO,XA.S16.00.MHZ,1
1972-09-10T01:04:00.070877Z,1972-09-10T05:59:59.919934Z,Moon-APOLLO,XA.S16.00.MHZ,1
1972-09-16T18:07:00.068253Z,1972-09-16T19:04:59.917310Z,Moon-APOLLO,XA.S16.00.MHZ,1
1972-09-30T15:06:00.060349Z,1972-09-30T22:59:59.909406Z,Moon-APOLLO,XA.S16.00.MHZ,1
1972-10-23T07:00:00.092451Z,1972-10-23T12:07:59.941508Z,Moon-APOLLO,XA.S16.00.MHZ,1
1972-10-25T05:02:00.073738Z,1972-10-25T11:01:59.922795Z,Moon-APOLLO,XA.S16.00.MHZ,1
1972-11-01T01:02:00.113191Z,1972-11-01T05:59:59.962248Z,Moon-APOLLO,XA.S16.00.MHZ,1
1972-11-15T19:00:00.018322Z,1972-11-15T20:04:59.942850Z,Moon-APOLLO,XA.S16.00.MHZ,1
1972-12-12T18:05:00.123649Z,1972-12-13T02:04:59.972706Z,Moon-APOLLO,XA.S16.00.MHZ,1
1972-12-15T20:00:01.134838Z,1972-12-15T22:00:00.983895Z,Moon-APOLLO,XA.S16.00.MHZ,0
1972-12-18T09:02:00.108348Z,1972-12-18T11:01:59.957405Z,Moon-APOLLO,XA.S16.00.MHZ,0
1972-12-26T20:00:01.009608Z,1972-12-26T22:00:00.858665Z,Moon-APOLLO,XA.S16.00.MHZ,0
1973-01-07T15:07:00.037010Z,1973-01-07T22:59:59.961538Z,Moon-APOLLO,XA.S16.00.MHZ,1
1973-01-27T06:00:01.065023Z,1973-01-27T08:00:00.914080Z,Moon-APOLLO,XA.S16.00.MHZ,0
1973-02-09T08:05:00.048308Z,1973-02-09T09:08:59.897365Z,Moon-APOLLO,XA.S16.00.MHZ,1
1973-02-15T08:07:00.020242Z,1973-02-15T10:06:59.869299Z,Moon-APOLLO,XA.S16.00.MHZ,0
1973-02-18T20:00:00.002329Z,1973-02-18T21:04:59.926857Z,Moon-APOLLO,XA.S16.00.MHZ,1
1973-02-26T14:00:00.134497Z,1973-02-26T15:59:59.983554Z,Moon-APOLLO,XA.S16.00.MHZ,1
1973-03-01T10:39:18.024595Z,1973-03-01T12:39:17.873652Z,Moon-APOLLO,XA.S16.00.MHZ,0
1975-07-02T12:39:17.098918Z,1975-07-02T14:39:16.947975Z,Moon-APOLLO,XA.S16.01.MH1,0
1975-07-08T21:09:00.108426Z,1975-07-09T04:00:00.032954Z,Moon-APOLLO,XA.S16.01.MH1,1
1975-07-13T19:21:43.014912Z,1975-07-13T21:21:42.863969Z,Moon-APOLLO,XA.S16.01.MH1,0
1975-07-26T13:23:01.033659Z,1975-07-26T15:23:00.882716Z,Moon-APOLLO,XA.S16.01.MH1,0
1975-07-27T03:01:02.069325Z,1975-07-27T05:01:01.918382Z,Moon-APOLLO,XA.S16.01.MH1,0
1975-10-15T12:52:57.088678Z,1975-10-15T14:52:56.937735Z,Moon-APOLLO,XA.S16.01.MH1,0
1975-10-28T04:40:23.083335Z,1975-10-28T06:40:22.932392Z,Moon-APOLLO,XA.S16.01.MH1,0
1975-11-24T07:51:59.147283Z,1975-11-24T09:51:58.996340Z,Moon-APOLLO,XA.S16.01.MH1,0
1975-12-07T04:01:00.100188Z,1975-12-07T06:00:59.949245Z,Moon-APOLLO,XA.S16.01.MH1,0
1975-12-10T12:08:26.012268Z,1975-12-10T14:08:25.861325Z,Moon-APOLLO,XA.S16.01.MH1,0
1975-12-11T22:03:00.059022Z,1975-12-12T01:04:59.908079Z,Moon-APOLLO,XA.S16.01.MH1,1
1975-12-12T23:02:00.118850Z,1975-12-13T01:01:59.967907Z,Moon-APOLLO,XA.S16.01.MH1,0
1976-01-05T03:23:48.105809Z,1976-01-05T05:23:47.954866Z,Moon-APOLLO,XA.S16.01.MH1,0
1976-01-19T18:09:32.092472Z,1976-01-19T20:09:31.941529Z,Moon-APOLLO,XA.S16.01.MH1,0
1976-02-24T00:34:40.093929Z,1976-02-24T02:34:39.942986Z,Moon-APOLLO,XA.S16.01.MH1,0
1976-03-14T16:00:00.036645Z,1976-03-14T22:04:59.961173Z,Moon-APOLLO,XA.S16.01.MH1,1
1976-03-23T11:14:05.098532Z,1976-03-23T13:14:04.947589Z,Moon-APOLLO,XA.S16.01.MH1,0
1976-04-11T07:01:00.057496Z,1976-04-11T09:00:59.906553Z,Moon-APOLLO,XA.S16.01.MH1,0
1976-04-14T20:05:00.068654Z,1976-04-14T22:04:59.917711Z,Moon-APOLLO,XA.S16.01.MH1,0
1976-04-17T21:07:00.004593Z,1976-04-17T22:59:59.929121Z,Moon-APOLLO,XA.S16.01.MH1,1
1976-06-18T01:31:52.146393Z,1976-06-18T03:31:51.995450Z,Moon-APOLLO,XA.S16.01.MH1,0
1976-06-27T08:00:01.140219Z,1976-06-27T10:00:00.989276Z,Moon-APOLLO,XA.S16.01.MH1,0
1976-06-29T02:04:00.018945Z,1976-06-29T10:04:59.943473Z,Moon-APOLLO,XA.S16.01.MH1,1
1976-07-13T02:01:00.045869Z,1976-07-13T04:00:59.894926Z,Moon-APOLLO,XA.S16.01.MH1,0
1976-07-27T00:04:00.064541Z,1976-07-27T02:04:59.989069Z,Moon-APOLLO,XA.S16.01.MH1,1
1976-08-06T16:07:00.139386Z,1976-08-06T18:06:59.988443Z,Moon-APOLLO,XA.S16.01.MH1,0
1976-08-11T05:21:17.132282Z,1976-08-11T07:21:16.981339Z,Moon-APOLLO,XA.S16.01.MH1,0
1976-08-28T19:01:00.006747Z,1976-08-29T05:59:59.931275Z,Moon-APOLLO,XA.S16.01.MH1,1
1976-09-23T03:04:00.111942Z,1976-09-23T05:03:59.960999Z,Moon-APOLLO,XA.S16.01.MH1,0
1976-09-24T14:05:00.150151Z,1976-09-24T17:04:59.848264Z,Moon-APOLLO,XA.S16.01.MH1,1
1976-09-30T18:07:00.074174Z,1976-10-01T01:59:59.847759Z,Moon-APOLLO,XA.S16.01.MH1,1
1976-10-01T21:08:22.066510Z,1976-10-01T23:08:21.915567Z,Moon-APOLLO,XA.S16.01.MH1,0
1976-10-13T20:05:00.056795Z,1976-10-13T22:04:59.905852Z,Moon-APOLLO,XA.S16.01.MH1,0
1976-10-25T22:02:00.009436Z,1976-10-26T00:13:06.877361Z,Moon-APOLLO,XA.S16.01.MH1,1
1976-11-06T08:03:00.104955Z,1976-11-06T10:04:59.954012Z,Moon-APOLLO,XA.S16.01.MH1,1
1976-11-11T03:09:00.036868Z,1976-11-11T05:08:59.885925Z,Moon-APOLLO,XA.S16.01.MH1,0
1976-11-24T01:58:42.118928Z,1976-11-24T03:58:41.967985Z,Moon-APOLLO,XA.S16.01.MH1,0
1977-01-17T12:05:00.090341Z,1977-01-17T14:04:59.939398Z,Moon-APOLLO,XA.S16.01.MH1,0
1977-01-26T23:09:00.109966Z,1977-01-27T08:00:00.034494Z,Moon-APOLLO,XA.S16.01.MH1,1
1977-02-02T22:03:00.105472Z,1977-02-03T06:59:59.879057Z,Moon-APOLLO,XA.S16.01.MH1,1
1977-02-05T08:09:00.045167Z,1977-02-05T15:59:59.969695Z,Moon-APOLLO,XA.S16.01.MH1,1
1977-02-07T04:02:00.013557Z,1977-02-07T06:01:59.862614Z,Moon-APOLLO,XA.S16.01.MH1,0
1977-02-08T00:08:00.084797Z,1977-02-08T07:59:59.933854Z,Moon-APOLLO,XA.S16.01.MH1,1
1977-02-20T04:08:00.105715Z,1977-02-20T06:07:59.954772Z,Moon-APOLLO,XA.S16.01.MH1,0
1977-03-26T09:07:00.052707Z,1977-03-26T12:04:59.901764Z,Moon-APOLLO,XA.S16.01.MH1,1
1975-07-02T12:39:17.117927Z,1975-07-02T14:39:16.966984Z,Moon-APOLLO,XA.S16.01.MH2,0
1975-07-08T21:09:00.127436Z,1975-07-09T03:59:59.901021Z,Moon-APOLLO,XA.S16.01.MH2,1
1975-07-13T19:21:43.033904Z,1975-07-13T21:21:42.882961Z,Moon-APOLLO,XA.S16.01.MH2,0
1975-07-26T13:23:01.051788Z,1975-07-26T15:23:00.900845Z,Moon-APOLLO,XA.S16.01.MH2,0
1975-07-27T03:01:02.090883Z,1975-07-27T05:01:01.939940Z,Moon-APOLLO,XA.S16.01.MH2,0
1975-10-15T12:52:57.107855Z,1975-10-15T14:52:56.956912Z,Moon-APOLLO,XA.S16.01.MH2,0
1975-10-28T04:40:23.102335Z,1975-10-28T06:40:22.951392Z,Moon-APOLLO,XA.S16.01.MH2,0
1975-11-24T07:51:59.014561Z,1975-11-24T09:51:58.863618Z,Moon-APOLLO,XA.S16.01.MH2,0
1975-12-07T04:01:00.119188Z,1975-12-07T06:00:59.968245Z,Moon-APOLLO,XA.S16.01.MH2,0
1975-12-10T12:08:26.031308Z,1975-12-10T14:08:25.880365Z,Moon-APOLLO,XA.S16.01.MH2,0
1975-12-11T22:03:00.078111Z,1975-12-12T01:04:59.927168Z,Moon-APOLLO,XA.S16.01.MH2,1
1975-12-12T23:02:00.138018Z,1975-12-13T01:01:59.987075Z,Moon-APOLLO,XA.S16.01.MH2,0
1976-01-05T03:23:48.124814Z,1976-01-05T05:23:47.973871Z,Moon-APOLLO,XA.S16.01.MH2,0
1976-01-19T18:09:32.110203Z,1976-01-19T20:09:31.959260Z,Moon-APOLLO,XA.S16.01.MH2,0
1976-02-24T00:34:40.112925Z,1976-02-24T02:34:39.961982Z,Moon-APOLLO,XA.S16.01.MH2,0
1976-03-14T16:00:00.055765Z,1976-03-14T22:04:59.980293Z,Moon-APOLLO,XA.S16.01.MH2,1
1976-03-23T11:14:05.117527Z,1976-03-23T13:14:04.966584Z,Moon-APOLLO,XA.S16.01.MH2,0
1976-04-11T07:01:00.076567Z,1976-04-11T09:00:59.925624Z,Moon-APOLLO,XA.S16.01.MH2,0
1976-04-14T20:05:00.087557Z,1976-04-14T22:04:59.936614Z,Moon-APOLLO,XA.S16.01.MH2,0
1976-04-17T21:07:00.025129Z,1976-04-17T22:59:59.949657Z,Moon-APOLLO,XA.S16.01.MH2,1
1976-06-18T01:31:52.014109Z,1976-06-18T03:31:51.863166Z,Moon-APOLLO,XA.S16.01.MH2,0
1976-06-27T08:00:01.008274Z,1976-06-27T10:00:00.857331Z,Moon-APOLLO,XA.S16.01.MH2,0
1976-06-29T02:04:00.037942Z,1976-06-29T10:04:59.962470Z,Moon-APOLLO,XA.S16.01.MH2,1
1976-07-13T02:01:00.064838Z,1976-07-13T04:00:59.913895Z,Moon-APOLLO,XA.S16.01.MH2,0
1976-07-27T00:04:00.083541Z,1976-07-27T02:04:59.857126Z,Moon-APOLLO,XA.S16.01.MH2,1
1976-08-06T16:07:00.007724Z,1976-08-06T18:06:59.856781Z,Moon-APOLLO,XA.S16.01.MH2,0
1976-08-11T05:21:17.000277Z,1976-08-11T07:21:16.849334Z,Moon-APOLLO,XA.S16.01.MH2,0
1976-08-28T19:01:00.025744Z,1976-08-29T05:59:59.950272Z,Moon-APOLLO,XA.S16.01.MH2,1
1976-09-23T03:04:00.130944Z,1976-09-23T05:03:59.980001Z,Moon-APOLLO,XA.S16.01.MH2,0
1976-09-24T14:05:00.018194Z,1976-09-24T17:04:59.867251Z,Moon-APOLLO,XA.S16.01.MH2,1
1976-09-30T18:07:00.093304Z,1976-10-01T01:59:59.866889Z,Moon-APOLLO,XA.S16.01.MH2,1
1976-10-01T21:08:22.085829Z,1976-10-01T23:08:21.934886Z,Moon-APOLLO,XA.S16.01.MH2,0
1976-10-13T20:05:00.076716Z,1976-10-13T22:04:59.925773Z,Moon-APOLLO,XA.S16.01.MH2,0
1976-10-25T22:02:00.028431Z,1976-10-26T00:13:06.896356Z,Moon-APOLLO,XA.S16.01.MH2,1
1976-11-06T08:03:00.123938Z,1976-11-06T10:04:59.972995Z,Moon-APOLLO,XA.S16.01.MH2,1
1976-11-11T03:09:00.055738Z,1976-11-11T05:08:59.904795Z,Moon-APOLLO,XA.S16.01.MH2,0
1976-11-24T01:58:42.137925Z,1976-11-24T03:58:41.986982Z,Moon-APOLLO,XA.S16.01.MH2,0
1977-01-17T12:05:00.109338Z,1977-01-17T14:04:59.958395Z,Moon-APOLLO,XA.S16.01.MH2,0
1977-01-26T23:09:00.128513Z,1977-01-27T08:00:00.053041Z,Moon-APOLLO,XA.S16.01.MH2,1
1977-02-02T22:03:00.124630Z,1977-02-03T06:59:59.898215Z,Moon-APOLLO,XA.S16.01.MH2,1
1977-02-05T08:09:00.064017Z,1977-02-05T15:59:59.988545Z,Moon-APOLLO,XA.S16.01.MH2,1
1977-02-07T04:02:00.032493Z,1977-02-07T06:01:59.881550Z,Moon-APOLLO,XA.S16.01.MH2,0
1977-02-08T00:08:00.103797Z,1977-02-08T07:59:59.952854Z,Moon-APOLLO,XA.S16.01.MH2,1
1977-02-20T04:08:00.124721Z,1977-02-20T06:07:59.973778Z,Moon-APOLLO,XA.S16.01.MH2,0
1977-03-26T09:07:00.073689Z,1977-03-26T12:04:59.922746Z,Moon-APOLLO,XA.S16.01.MH2,1
1975-07-02T12:39:17.137014Z,1975-07-02T14:39:16.986071Z,Moon-APOLLO,XA.S16.01.MHZ,0
1975-07-08T21:09:00.146480Z,1975-07-09T03:59:59.920065Z,Moon-APOLLO,XA.S16.01.MHZ,1
1975-07-13T19:21:43.052944Z,1975-07-13T21:21:42.902001Z,Moon-APOLLO,XA.S16.01.MHZ,0
1975-07-26T13:23:01.072313Z,1975-07-26T15:23:00.921370Z,Moon-APOLLO,XA.S16.01.MHZ,0
1975-07-27T03:01:02.107545Z,1975-07-27T05:01:01.956602Z,Moon-APOLLO,XA.S16.01.MHZ,0
1975-10-15T12:52:57.127264Z,1975-10-15T14:52:56.976321Z,Moon-APOLLO,XA.S16.01.MHZ,0
1975-10-28T04:40:23.121378Z,1975-10-28T06:40:22.970435Z,Moon-APOLLO,XA.S16.01.MHZ,0
1975-11-24T07:51:59.032985Z,1975-11-24T09:51:58.882042Z,Moon-APOLLO,XA.S16.01.MHZ,0
1975-12-07T04:01:00.138188Z,1975-12-07T06:00:59.987245Z,Moon-APOLLO,XA.S16.01.MHZ,0
1975-12-10T12:08:26.050167Z,1975-12-10T14:08:25.899224Z,Moon-APOLLO,XA.S16.01.MHZ,0
1975-12-11T22:03:00.096632Z,1975-12-12T01:04:59.945689Z,Moon-APOLLO,XA.S16.01.MHZ,1
1975-12-12T23:02:00.007163Z,1975-12-13T01:02:00.007163Z,Moon-APOLLO,XA.S16.01.MHZ,0
1976-01-05T03:23:48.143816Z,1976-01-05T05:23:47.992873Z,Moon-APOLLO,XA.S16.01.MHZ,0
1976-01-19T18:09:32.128841Z,1976-01-19T20:09:31.977898Z,Moon-APOLLO,XA.S16.01.MHZ,0
1976-02-24T00:34:40.131942Z,1976-02-24T02:34:39.980999Z,Moon-APOLLO,XA.S16.01.MHZ,0
1976-03-14T16:00:00.074922Z,1976-03-14T22:04:59.848507Z,Moon-APOLLO,XA.S16.01.MHZ,1
1976-03-23T11:14:05.136729Z,1976-03-23T13:14:04.985786Z,Moon-APOLLO,XA.S16.01.MHZ,0
1976-04-11T07:01:00.095708Z,1976-04-11T09:00:59.944765Z,Moon-APOLLO,XA.S16.01.MHZ,0
1976-04-14T20:05:00.106948Z,1976-04-14T22:04:59.956005Z,Moon-APOLLO,XA.S16.01.MHZ,0
1976-04-17T21:07:00.043788Z,1976-04-17T22:59:59.968316Z,Moon-APOLLO,XA.S16.01.MHZ,1
1976-06-18T01:31:52.033874Z,1976-06-18T03:31:51.882931Z,Moon-APOLLO,XA.S16.01.MHZ,0
1976-06-27T08:00:01.027287Z,1976-06-27T10:00:00.876344Z,Moon-APOLLO,XA.S16.01.MHZ,0
1976-06-29T02:04:00.056949Z,1976-06-29T10:04:59.981477Z,Moon-APOLLO,XA.S16.01.MHZ,1
1976-07-13T02:01:00.083892Z,1976-07-13T04:00:59.932949Z,Moon-APOLLO,XA.S16.01.MHZ,0
1976-07-27T00:04:00.102541Z,1976-07-27T02:04:59.876126Z,Moon-APOLLO,XA.S16.01.MHZ,1
1976-08-06T16:07:00.027078Z,1976-08-06T18:06:59.876135Z,Moon-APOLLO,XA.S16.01.MHZ,0
1976-08-11T05:21:17.019452Z,1976-08-11T07:21:16.868509Z,Moon-APOLLO,XA.S16.01.MHZ,0
1976-08-28T19:01:00.044780Z,1976-08-29T05:59:59.969308Z,Moon-APOLLO,XA.S16.01.MHZ,1
1976-09-23T03:04:00.149952Z,1976-09-23T05:03:59.848065Z,Moon-APOLLO,XA.S16.01.MHZ,0
1976-09-24T14:05:00.037247Z,1976-09-24T17:04:59.886304Z,Moon-APOLLO,XA.S16.01.MHZ,1
1976-09-30T18:07:00.111078Z,1976-10-01T01:59:59.884663Z,Moon-APOLLO,XA.S16.01.MHZ,1
1976-10-01T21:08:22.104804Z,1976-10-01T23:08:21.953861Z,Moon-APOLLO,XA.S16.01.MHZ,0
1976-10-13T20:05:00.096095Z,1976-10-13T22:04:59.945152Z,Moon-APOLLO,XA.S16.01.MHZ,0
1976-10-25T22:02:00.047495Z,1976-10-26T00:13:06.915420Z,Moon-APOLLO,XA.S16.01.MHZ,1
1976-11-06T08:03:00.143072Z,1976-11-06T10:04:59.992129Z,Moon-APOLLO,XA.S16.01.MHZ,1
1976-11-11T03:09:00.075685Z,1976-11-11T05:08:59.924742Z,Moon-APOLLO,XA.S16.01.MHZ,0
1976-11-24T01:58:42.005991Z,1976-11-24T03:58:41.855048Z,Moon-APOLLO,XA.S16.01.MHZ,0
1977-01-17T12:05:00.128385Z,1977-01-17T14:04:59.977442Z,Moon-APOLLO,XA.S16.01.MHZ,0
1977-01-26T23:09:00.147304Z,1977-01-27T07:59:59.920889Z,Moon-APOLLO,XA.S16.01.MHZ,1
1977-02-02T22:03:00.143827Z,1977-02-03T06:59:59.917412Z,Moon-APOLLO,XA.S16.01.MHZ,1
1977-02-05T08:09:00.083403Z,1977-02-05T15:59:59.856988Z,Moon-APOLLO,XA.S16.01.MHZ,1
1977-02-07T04:02:00.051724Z,1977-02-07T06:01:59.900781Z,Moon-APOLLO,XA.S16.01.MHZ,0
1977-02-08T00:08:00.122797Z,1977-02-08T07:59:59.971854Z,Moon-APOLLO,XA.S16.01.MHZ,1
1977-02-20T04:08:00.143728Z,1977-02-20T06:07:59.992785Z,Moon-APOLLO,XA.S16.01.MHZ,0
1977-03-26T09:07:00.092591Z,1977-03-26T12:04:59.941648Z,Moon-APOLLO,XA.S16.01.MHZ,1
