time,data
0.0,-0.005227089255981346
0.01,0.04846495636151755
0.02,0.13898223401857773
0.03,0.29807955486025
0.04,0.5471498716842352
0.05,0.8943729280487275
0.06,1.3341980150461719
0.07,1.8486838572534927
0.08,2.4103493351329477
0.09,2.9867121835250483
0.1,3.5466579331703376
0.11,4.067704420233572
0.12,4.541936664733271
0.13,4.978071211811744
0.14,5.39789495756657
0.15,5.826631706063097
0.16,6.278485886960767
0.17,6.74095938465035
0.18,7.164199995067442
0.19,7.462844932968533
0.2,7.534896304938316
0.21,7.294336126078218
0.22,6.70517305800405
0.23,5.800797037414696
0.24,4.677652332650202
0.25,3.4644567352249465
0.26,2.2811484513671387
0.27,1.2070280841538656
0.28,0.2698141359602384
0.29,-0.5483396083609956
0.3,-1.3017226567677347
0.31,-2.078789623835155
0.32,-3.0040871328510557
0.33,-4.23061483455474
0.34,-5.906633245244279
0.35,-8.112895041311583
0.36,-10.791294434546481
0.37,-13.708760494584963
0.38,-16.49870624283504
0.39,-18.78775698219324
0.4,-20.363069003482295
0.41,-21.29724869774121
0.42,-21.955082927559346
0.43,-22.865655769224894
0.44,-24.52072214370137
0.45,-27.20236821968573
0.46,-30.92423721125423
0.47,-35.506676620502446
0.48,-40.73346030311882
0.49,-46.49632337263262
0.5,-52.848955793084116
0.51,-59.95030240813444
0.52,-67.93400053152807
0.53,-76.76770962602869
0.54,-86.16687066328387
0.55,-95.61072410289104
0.56,-104.47033259947061
0.57,-112.20352193073765
0.58,-118.529956200337
0.59,-123.50511042830864
0.6,-127.46574266141093
0.61,-130.88268467367794
0.62,-134.1893902734219
0.63,-137.65065196059865
0.64,-141.31282636758078
0.65,-145.04950107734814
0.66,-148.68584008573617
0.67,-152.14894676242628
0.68,-155.56797505955376
0.69,-159.26475373630097
0.7,-163.63157025588177
0.71,-168.95112843073386
0.72,-175.2421834518338
0.73,-182.20264420702844
0.74,-189.27716459990577
0.75,-195.82393147840898
0.76,-201.3245846669173
0.77,-205.5759014373198
0.78,-208.80325958144272
0.79,-211.6378092516616
0.8,-214.92638540711656
0.81,-219.41406021082335
0.82,-225.4180276830977
0.83,-232.63529918261344
0.84,-240.17675970786877
0.85,-246.82936747264444
0.86,-251.45835949187725
0.87,-253.4031948833603
0.88,-252.71594289109882
0.89,-250.14847534012884
0.9,-246.9001859191878
0.91,-244.23904907581237
0.92,-243.1453440081574
0.93,-244.0879906349924
0.94,-246.97418825555198
0.95,-251.26242438439104
0.96,-256.1995579207575
0.97,-261.10883961262397
0.98,-265.6234224487992
0.99,-269.7718068064396
1.0,-273.88840872087275
1.01,-278.39875243587375
1.02,-283.5719997498418
1.03,-289.3380181336705
1.04,-295.24113521920583
1.05,-300.557402716096
1.06,-304.54714365187374
1.07,-306.7592224565752
1.08,-307.2642252099493
1.09,-306.69956729581315
1.1,-306.0774510316084
1.11,-306.41305934319786
1.12,-308.32118451396775
1.13,-311.75675224049536
1.14,-316.0221669379285
1.15,-320.05143322539817
1.16,-322.85478950201156
1.17,-323.9259910056758
1.18,-323.4242950836517
1.19,-322.05341776021356
1.2,-320.71472871043983
1.21,-320.1163811608365
1.22,-320.51887254106526
1.23,-321.71322254003167
1.24,-323.21454192434277
1.25,-324.55578874769594
1.26,-325.52663607062135
1.27,-326.2496107817935
1.28,-327.0867304288739
1.29,-328.44274503418194
1.3,-330.5434636905051
1.31,-333.26661507232416
1.32,-336.11127021584167
1.33,-338.356611694053
1.34,-339.3557771694186
1.35,-338.8134209086036
1.36,-336.90095858018066
1.37,-334.16765637346293
1.38,-331.31647470121806
1.39,-328.9544596374472
1.4,-327.4090473622396
1.41,-326.67063286291955
1.42,-326.47833868170056
1.43,-326.4974537603933
1.44,-326.4864776538128
1.45,-326.37079185687304
1.46,-326.2130855273959
1.47,-326.13321570034066
1.48,-326.23629620529266
1.49,-326.57056995566586
1.5,-327.10771149748206
1.51,-327.7434042033566
1.52,-328.32847615481995
1.53,-328.7287363743555
1.54,-328.8861014457608
1.55,-328.84805316886633
1.56,-328.75254151456215
1.57,-328.7776680188812
1.58,-329.07463455510754
1.59,-329.7045689705446
1.6,-330.6040081362452
1.61,-331.60418575970886
1.62,-332.50923815785677
1.63,-333.1990787348489
1.64,-333.6949360609697
1.65,-334.13795478246413
1.66,-334.6804075569051
1.67,-335.3463265734255
1.68,-335.9470561608044
1.69,-336.11331725445444
1.7,-335.4407274751037
1.71,-333.68220908394954
1.72,-330.8953243154794
1.73,-327.4740903584785
1.74,-324.0479617847764
1.75,-321.28868501027904
1.76,-319.7001130001782
1.77,-319.461759527985
1.78,-320.3667654362606
1.79,-321.8682934017357
1.8,-323.2321981496738
1.81,-323.7613702828157
1.82,-323.00625052858555
1.83,-320.8659593293493
1.84,-317.5519704799867
1.85,-313.46963047405046
1.86,-309.0912753938907
1.87,-304.8549129225018
1.88,-301.0886173861808
1.89,-297.9593452928619
1.9,-295.4514506569544
1.91,-293.3805809701325
1.92,-291.45436192191175
1.93,-289.39256655455097
1.94,-287.0841460914584
1.95,-284.6979861312729
1.96,-282.6507273344925
1.97,-281.41528623272785
1.98,-281.270574806201
1.99,-282.1384372727089
2.0,-283.5942291650685
2.01,-285.03595297483025
2.02,-285.92321895108677
2.03,-285.97461972657055
2.04,-285.2401070114937
2.05,-284.03007308909594
2.06,-282.7479630197068
2.07,-281.70431844177904
2.08,-280.9890703772222
2.09,-280.46050172722573
2.1,-279.86413200499436
2.11,-279.0186435547002
2.12,-277.94851847501207
2.13,-276.86795332415375
2.14,-276.02267028436944
2.15,-275.4973135024352
2.16,-275.1190700283367
2.17,-274.5233738388278
2.18,-273.35050917924497
2.19,-271.47250860903256
2.2,-269.1313357822129
2.21,-266.90283339190535
2.22,-265.4803518067645
2.23,-265.36858869853484
2.24,-266.63429604729953
2.25,-268.83261377563514
2.26,-271.1370281205633
2.27,-272.6135878619154
2.28,-272.5349655724734
2.29,-270.62017087172364
2.3,-267.1076427066246
2.31,-262.63416413428007
2.32,-257.97855699550604
2.33,-253.78353091426266
2.34,-250.363487957399
2.35,-247.65690450723096
2.36,-245.3166141918724
2.37,-242.87833951279546
2.38,-239.93603640383964
2.39,-236.2779200475128
2.4,-231.95957578290145
2.41,-227.2954556612488
2.42,-222.76649985155706
2.43,-218.88073051388392
2.44,-216.04966935564377
2.45,-214.52600135945298
2.46,-214.40347501865386
2.47,-215.6463597636417
2.48,-218.11109090315594
2.49,-221.54272380189997
2.5,-225.56222549189724
2.51,-229.6865938963038
2.52,-233.41396381726705
2.53,-236.35835441051717
2.54,-238.3741217581761
2.55,-239.60812731764997
2.56,-240.4539210039805
2.57,-241.42483316663436
2.58,-242.9879478227193
2.59,-245.4044584253133
2.6,-248.61790297175716
2.61,-252.233415673845
2.62,-255.61972277111147
2.63,-258.11458958576856
2.64,-259.250478663881
2.65,-258.89770389810656
2.66,-257.2598765909388
2.67,-254.7227740534436
2.68,-251.6288184092221
2.69,-248.097618813351
2.7,-243.99957870960517
2.71,-239.10348183945717
2.72,-233.30829640087782
2.73,-226.81269443194404
2.74,-220.1127252006681
2.75,-213.81591547100106
2.76,-208.3573428410353
2.77,-203.76108307687258
2.78,-199.58734704777723
2.79,-195.1260117617026
2.8,-189.76063115561706
2.81,-183.30847095001735
2.82,-176.13261853580929
2.83,-168.95272164059904
2.84,-162.4752486250039
2.85,-157.07909765921968
2.86,-152.73853361094018
2.87,-149.19394567375443
2.88,-146.228314254134
2.89,-143.86647191790627
2.9,-142.38266548843131
2.91,-142.12199148646778
2.92,-143.24723517693826
2.93,-145.5641422057204
2.94,-148.5350410150324
2.95,-151.48099467106866
2.96,-153.854261107316
2.97,-155.4145821670047
2.98,-156.20777547522496
2.99,-156.38126562750563
3.0,-155.97681538789308
3.01,-154.84198753461567
3.02,-152.71324262666084
3.03,-149.4190020961252
3.04,-145.0882114397596
3.05,-140.24251112694398
3.06,-135.6976854829248
3.07,-132.2933151012409
3.08,-130.56359572022387
3.09,-130.50100346163322
3.1,-131.53179689054122
3.11,-132.7329565098675
3.12,-133.19718524830975
3.13,-132.35456751216003
3.14,-130.07345846863288
3.15,-126.51048891799748
3.16,-121.85413197968055
3.17,-116.16005026916119
3.18,-109.37304868895284
3.19,-101.4801601215029
3.2,-92.66840231551701
3.21,-83.38729024366795
3.22,-74.28223039347017
3.23,-66.02920415260881
3.24,-59.14502327549917
3.25,-53.84817656642541
3.26,-50.00887105560989
3.27,-47.19677372054468
3.28,-44.82398850483642
3.29,-42.35215972224935
3.3,-39.47919823914603
3.31,-36.204342048234075
3.32,-32.7380675817237
3.33,-29.326180235572643
3.34,-26.0993211811441
3.35,-23.015891636868844
3.36,-19.897095893639026
3.37,-16.512504297199747
3.38,-12.66870842798957
3.39,-8.265924028395862
3.4,-3.309570831535988
3.41,2.1086225937692813
3.42,7.827947155593442
3.43,13.613160042395421
3.44,19.13939201369906
3.45,24.00685272542814
3.46,27.813627345289444
3.47,30.276583581683692
3.48,31.358165751822757
3.49,31.34629635225357
3.5,30.840736422526813
3.51,30.62262191383516
3.52,31.42866905537397
3.53,33.70431269502074
3.54,37.44195892848821
3.55,42.1933476796467
3.56,47.268545749189016
3.57,52.031883223112985
3.58,56.14858047650306
3.59,59.67007833186731
3.6,62.94218143725969
3.61,66.40864523148637
3.62,70.4159635825524
3.63,75.09680530422197
3.64,80.34962312724092
3.65,85.89033789994458
3.66,91.35288231701827
3.67,96.4256321513461
3.68,100.98839435855606
3.69,105.17913212209143
3.7,109.3305186452776
3.71,113.7867020865438
3.72,118.68797825659371
3.73,123.84198371669727
3.74,128.76683106157077
3.75,132.9024604533596
3.76,135.88393700430777
3.77,137.7277229867171
3.78,138.8380273520765
3.79,139.85099038324955
3.8,141.41327145939744
3.81,143.98935511902076
3.82,147.73452813416833
3.83,152.42877329335437
3.84,157.48252178692917
3.85,162.06034249217083
3.86,165.34336605986786
3.87,166.85066590121238
3.88,166.6576304805429
3.89,165.38449031652098
3.9,163.96228486640987
3.91,163.30416092314482
3.92,164.03355907355413
3.93,166.35993338079814
3.94,170.11312684160742
3.95,174.89245682838921
3.96,180.25811735626561
3.97,185.88699696265812
3.98,191.63544157426654
3.99,197.49371189621252
4.0,203.4687158381037
4.01,209.47122773381068
4.02,215.28015281399033
4.03,220.6016407218306
4.04,225.17833898385086
4.05,228.88927816814157
4.06,231.80929949277015
4.07,234.21440010131846
4.08,236.5150931788417
4.09,239.11918388894065
4.1,242.274843798192
4.11,245.97146209445833
4.12,249.95081539022448
4.13,253.8265462519806
4.14,257.2524306342602
4.15,260.04720456273725
4.16,262.21141067068413
4.17,263.85162514984
4.18,265.0888865949035
4.19,266.0165576496808
4.2,266.71233977874294
4.21,267.2629325787301
4.22,267.7621809674891
4.23,268.28403086576975
4.24,268.8709126311504
4.25,269.57304855322815
4.26,270.52033637562204
4.27,271.9563864181394
4.28,274.16920504501167
4.29,277.320957565232
4.3,281.2646231866118
4.31,285.47398746928974
4.32,289.17084276024025
4.33,291.63191484498776
4.34,292.55303714095584
4.35,292.29375420648614
4.36,291.8591056076619
4.37,292.59028708353935
4.38,295.67130601617936
4.39,301.64520509006593
4.4,310.13841325788485
4.41,319.915531328735
4.42,329.25479206669826
4.43,336.5034574943004
4.44,340.6062786905748
4.45,341.4233961807922
4.46,339.7393766080506
4.47,336.9679511196644
4.48,334.65525324066954
4.49,333.96423558180084
4.5,335.3403984302213
4.51,338.4744427778269
4.52,342.5324019867822
4.53,346.51765124517107
4.54,349.61414583387466
4.55,351.40897548967536
4.56,351.9587406373704
4.57,351.72310366252105
4.58,351.42424329509765
4.59,351.8876377467289
4.6,353.8759236853775
4.61,357.87943738558107
4.62,363.8388419366855
4.63,370.8638742683791
4.64,377.10830041782054
4.65,379.98665295880664
4.66,376.8496837940832
4.67,366.0714400134585
4.68,348.2534344213735
4.69,327.0019935028676
4.7,308.6477556702597
4.71,300.5228455842372
4.72,308.053423476789
4.73,331.7863886324294
4.74,366.05849598095926
4.75,400.6945183391863
4.76,425.5929494231438
4.77,435.9291341711527
4.78,434.5360901033931
4.79,429.3270840194381
4.8,427.1439955864721
4.81,428.50421525456676
4.82,427.42265249842495
4.83,416.6696032804344
4.84,394.59031343268725
4.85,368.3294425809554
4.86,350.7509189290933
4.87,352.60148918720427
4.88,374.6683071423633
4.89,404.8534635506834
4.9,422.32355714080205
4.91,407.13713203104874
4.92,351.0930034809663
4.93,264.7561371410947
4.94,176.62115170438932
4.95,123.23982003284975
4.96,133.4684304491961
4.97,213.77214593523564
4.98,342.1853470954516
4.99,475.1745499556144
5.0,565.5982399567928
5.01,583.8705189937632
5.02,531.5708189201596
5.03,439.6124666434187
5.04,351.2485504358257
5.05,299.26007326150705
5.06,290.47282815120144
5.07,306.06996899124675
5.08,316.13048505156877
5.09,298.71505289989096
5.1,252.64599617117622
5.11,197.95708046331032
5.12,164.72044300320496
5.13,176.49223004292077
5.14,237.16380397474714
5.15,328.1051432853186
5.16,416.6396559179999
5.17,470.75484331200386
5.18,472.4510329710627
5.19,423.89451678597226
5.2,344.4459742870268
5.21,260.61116909303803
5.22,193.93674604240056
5.23,152.9022700994407
5.24,132.9889781320001
5.25,124.53829242149392
5.26,122.98725945046573
5.27,134.0631392043238
5.28,169.72270239813733
5.29,237.36872756861658
5.3,330.0507685904936
5.31,424.71514942044917
5.32,489.9260650295137
5.33,498.68433214301353
5.34,439.8657882632096
5.35,323.3662690125513
5.36,177.16352079176707
5.37,37.69650904975197
5.38,-62.443446119473364
5.39,-104.46340325561056
5.4,-87.28495581820049
5.41,-24.851481924931296
5.42,60.99964885548082
5.43,148.85062152015365
5.44,224.1482039647899
5.45,281.5785940800042
5.46,322.89089331432353
5.47,352.07538553956755
5.48,371.26986270351773
5.49,379.85640704960196
5.5,376.5829173182332
5.51,362.453743926033
5.52,342.058977517416
5.53,322.4748889098741
5.54,310.45925908461663
5.55,309.48874691737376
5.56,318.1870732406606
5.57,331.1238197849273
5.58,341.9427105793902
5.59,347.45897471278346
5.6,350.36796836523735
5.61,358.4694215431746
5.62,380.14501952175294
5.63,418.21456759543645
5.64,465.5342183803729
5.65,504.9176038493342
5.66,513.8700100140468
5.67,472.6990842544593
5.68,373.57271542565104
5.69,227.65251365307182
5.7,67.08527566887159
5.71,-60.97797535289331
5.72,-108.85873482833968
5.73,-47.68118989246152
5.74,116.06435334881716
5.75,335.40740348056335
5.76,534.5306885563308
5.77,635.2893424509916
5.78,588.8169384036777
5.79,398.12241686870897
5.8,120.3164750496232
5.81,-153.62136143927108
5.82,-332.75487074459875
5.83,-358.8417353361204
5.84,-224.46986563048793
5.85,28.928111669628883
5.86,329.94635282215853
5.87,603.8377556658169
5.88,796.4601478789908
5.89,887.5305160073606
5.9,889.6535852478534
5.91,834.8626075973536
5.92,755.4098338078991
5.93,668.2347416496652
5.94,570.7382420782601
5.95,449.363483374022
5.96,295.29648943451724
5.97,117.5421318933017
5.98,-54.923742586761946
5.99,-183.9359848996603
6.0,-240.1228314443346
6.01,-217.70727021489958
6.02,-137.26104566985225
6.03,-34.617430361033996
6.04,57.470282534279576
6.05,124.00571645887544
6.06,170.50160937568572
6.07,213.43975200989274
6.08,265.71093806664675
6.09,326.56981718948197
6.1,381.6525188220347
6.11,411.85147669357923
6.12,404.8645347568902
6.13,362.5071799514811
6.14,299.9976782402683
6.15,238.03740915695158
6.16,191.95575931715808
6.17,163.22076732709215
6.18,137.6865223174859
6.19,92.6216837939127
6.2,10.621920204344265
6.21,-106.22666322742361
6.22,-230.71829985354023
6.23,-318.58611478002587
6.24,-327.38616543567736
6.25,-236.6633589450961
6.26,-59.14920663593631
6.27,162.30850863007214
6.28,370.41925228454596
6.29,514.5121531389614
6.3,567.7407042179882
6.31,533.5597973945673
6.32,440.145344635901
6.33,326.6858705401635
6.34,227.59621716801095
6.35,159.974410678304
6.36,118.11493554142469
6.37,77.28365434185359
6.38,6.263081493962265
6.39,-115.6915929265691
6.4,-284.83460933214735
6.41,-468.9212853034852
6.42,-616.2946608841955
6.43,-675.3007554669739
6.44,-616.3643906690244
6.45,-447.3732078042206
6.46,-215.34276238789892
6.47,7.223250780445607
6.48,146.54214214043728
6.49,153.16987599585667
6.5,19.3937411053513
6.51,-217.62360509662162
6.52,-487.2284525314148
6.53,-706.4299498609848
6.54,-803.7692750471789
6.55,-739.4351738447735
6.56,-517.1539495812942
6.57,-185.30025903704242
6.58,173.62446956736207
6.59,463.7021871138969
6.6,601.9706432295126
6.61,543.2082788175856
6.62,295.14999494480276
6.63,-81.66596675620283
6.64,-490.45218313390563
6.65,-826.3527471168378
6.66,-1006.9958597717772
6.67,-995.2158064144802
6.68,-806.9809790414125
6.69,-503.3807696770154
6.7,-170.98953165747676
6.71,102.23449392845164
6.72,248.55760734614765
6.73,234.77888505037808
6.74,67.06049669180645
6.75,-213.70979963512315
6.76,-544.2910736906149
6.77,-855.776104234241
6.78,-1089.6650965692922
6.79,-1208.2611671977413
6.8,-1196.7183949059993
6.81,-1058.3680303228878
6.82,-808.4124777738213
6.83,-470.9606099238442
6.84,-80.51873866511605
6.85,315.68273653920807
6.86,660.0893149055518
6.87,895.0560121760549
6.88,978.7762029025757
6.89,900.293555497424
6.9,686.2194271710933
6.91,395.1063343040503
6.92,100.78582320659024
6.93,-129.45364457973193
6.94,-254.1227212188712
6.95,-267.7825090221234
6.96,-199.4123120763072
6.97,-100.28558238350516
6.98,-26.140682320865434
6.99,-19.81087160162095
7.0,-99.44047382228652
7.01,-254.61700680300422
7.02,-449.82149477454305
7.03,-633.1149309759011
7.04,-748.1247769269183
7.05,-747.8675620463962
7.06,-608.4204896416686
7.07,-339.0835857806506
7.08,15.04408555382151
7.09,380.8232739634912
7.1,674.5213989676142
7.11,824.2797129237961
7.12,790.3635647013772
7.13,576.360947224819
7.14,227.84079699223662
7.15,-180.43558147408422
7.16,-564.1292741899573
7.17,-849.9465312965987
7.18,-992.2029597382441
7.19,-981.8098426189571
7.2,-845.8781453412079
7.21,-638.1662173710716
7.22,-423.0222034482497
7.23,-257.57927336630513
7.24,-177.5687355208374
7.25,-190.62331934031522
7.26,-278.0183546175927
7.27,-402.9817569226998
7.28,-522.2800339555904
7.29,-597.9075395444609
7.3,-606.4898032705474
7.31,-544.5727761128312
7.32,-428.3782533149592
7.33,-287.683965935953
7.34,-155.55734075095987
7.35,-57.727493964063456
7.36,-5.819006517624582
7.37,3.1224994405668633
7.38,-18.589985500380827
7.39,-57.054859003763305
7.4,-103.10078233340043
7.41,-154.27049837186033
7.42,-212.10584014517588
7.43,-277.0244905451198
7.44,-344.37195121647727
7.45,-404.3635186313325
7.46,-446.174015329647
7.47,-463.9724424040812
7.48,-461.6248777558259
7.49,-453.41338893360927
7.5,-459.8620352580064
7.51,-499.8435303125155
7.52,-581.8864910811062
7.53,-698.3757799682331
7.54,-825.6305414722316
7.55,-930.640504027417
7.56,-982.3010695048159
7.57,-962.695945818174
7.58,-873.6415153108084
7.59,-735.6867601091923
7.6,-580.1200978880111
7.61,-437.56669943157465
7.62,-327.9816774250495
7.63,-255.7836892774457
7.64,-211.27380521076725
7.65,-176.8013631603398
7.66,-134.61891795992244
7.67,-73.40149734327412
7.68,8.438152704125763
7.69,103.01575246051995
7.7,196.07531795511127
7.71,271.7165273035043
7.72,317.5514163176602
7.73,329.12750110692787
7.74,312.34561576208097
7.75,282.6698399095122
7.76,260.64354775408606
7.77,264.6538175806748
7.78,303.4476486385804
7.79,371.62022116549724
7.8,450.42142453758044
7.81,513.9281303792917
7.82,538.0976351053708
7.83,508.90627852758917
7.84,426.3521638319345
7.85,303.07035987301157
7.86,158.5763529514783
7.87,11.774169701626523
7.88,-125.1644193995315
7.89,-249.23889781506193
7.9,-364.84367567180294
7.91,-479.25270028806574
7.92,-598.0427494045279
7.93,-722.7675732880883
7.94,-851.4603519480726
7.95,-980.6455669368755
7.96,-1106.815156600107
7.97,-1226.1455439468239
7.98,-1332.8141610278703
7.99,-1417.4274725736186
8.0,-1467.0996775690708
8.01,-1467.7468571557124
8.02,-1407.8988696568238
8.03,-1282.5620537056961
8.04,-1095.7324270547076
8.05,-860.8196874064263
8.06,-598.9864730188914
8.07,-335.90036873953665
8.08,-97.62317142923018
8.09,93.58293658261991
8.1,222.85648347257725
8.11,285.2953454974978
8.12,287.17818287659037
8.13,245.4832695276346
8.14,185.2316215244405
8.15,134.47224031982176
8.16,117.60057499318462
8.17,148.7567952726994
8.18,227.55285477695773
8.19,338.84951459766916
8.2,456.9049406231152
8.21,552.6260652191605
8.22,601.6268066076977
8.23,590.7097056655773
8.24,521.0864710985763
8.25,407.69236075237427
8.26,274.95959212878574
8.27,150.24886643860552
8.28,56.73278657089173
8.29,7.725130799510184
8.3,4.052013151665717
8.31,35.068673692851625
8.32,82.70541029596798
8.33,127.02329466065841
8.34,151.5294715070055
8.35,146.89759401873988
8.36,112.43056498199076
8.37,55.26944916191382
8.38,-12.139584244600721
8.39,-75.48299574570237
8.4,-121.99516004223482
8.41,-143.11116408982434
8.42,-135.97162634103532
8.43,-103.6944063674841
8.44,-54.47039686719655
8.45,0.3602258978048485
8.46,48.909293070364605
8.47,81.4724258996731
8.48,92.7810415816615
8.49,83.27515995979348
8.5,59.086640711488414
8.51,30.629505791005506
8.52,9.960210484670359
8.53,7.4367754607952445
8.54,28.566485066476602
8.55,72.04385044003556
8.56,129.67689580268086
8.57,188.2825644162088
8.58,233.00240333173178
8.59,251.09966258061536
8.6,235.2037921237203
8.61,185.10748423238076
8.62,107.56874741613379
8.63,14.12839332193579
8.64,-82.38664509139076
8.65,-171.50233277130368
8.66,-247.62886030578966
8.67,-310.6629660437461
8.68,-364.61371961103293
8.69,-414.98323406191776
8.7,-466.0514365617966
8.71,-519.0684844785851
8.72,-571.7670663633004
8.73,-618.9727959151458
8.74,-653.8002536081565
8.75,-669.0162636415092
8.76,-658.3603706109352
8.77,-617.7048053331827
8.78,-545.9284903379439
8.79,-445.389636477808
8.8,-321.9258576243555
8.81,-184.32442630753727
8.82,-43.19199577898352
8.83,90.77619575041925
8.84,208.8911235337989
8.85,306.3825931532957
8.86,383.43186758826425
8.87,444.80495987998665
8.88,498.03403144208795
8.89,550.6234784778237
8.9,607.1092144810953
8.91,666.8773472515437
8.92,723.490899957586
8.93,765.9227527675123
8.94,781.555346260665
8.95,760.1711782860511
8.96,697.6696636047561
8.97,598.1888557372447
8.98,473.7802157463571
8.99,341.59949286887513
9.0,219.4257605246171
9.01,120.9357921604123
9.02,52.31994390731705
9.03,11.370096472735845
9.04,-10.794013395661924
9.05,-26.209268613788687
9.06,-46.1619628292114
9.07,-78.16653141055282
9.08,-124.50523246414477
9.09,-182.28826863745513
9.1,-244.51081428073212
9.11,-301.5206583150296
9.12,-342.6010839577982
9.13,-357.7131109382504
9.14,-339.50367760857284
9.15,-285.3957169514934
9.16,-199.16365726194692
9.17,-91.20617115545492
9.18,23.041583759238467
9.19,126.51126573812431
9.2,204.93403525784055
9.21,250.93691418508257
9.22,266.30605359234136
9.23,261.40446862560293
9.24,251.73158919633937
9.25,252.72826540063204
9.26,274.6496742440363
9.27,319.30819327312327
9.28,379.7407667842812
9.29,442.7213852027532
9.3,493.0136079781778
9.31,517.7631005933567
9.32,509.62205882932307
9.33,467.9010578048063
9.34,397.869731218085
9.35,308.894227528647
9.36,212.22836295900737
9.37,119.05538707554578
9.38,39.04732686453656
9.39,-20.54592051322243
9.4,-55.40082868488269
9.41,-64.3685559910307
9.42,-49.53790628724252
9.43,-16.036898056303
9.44,28.597047160371396
9.45,75.57861302112377
9.46,116.44301673021785
9.47,144.6542180284745
9.48,156.79254980277267
9.49,152.98811940007874
9.5,136.54263299493718
9.51,112.95199321401338
9.52,88.66968133683963
9.53,69.90546766901805
9.54,61.61836888771143
9.55,66.76523493486017
9.56,85.86634859460763
9.57,116.98068678617723
9.58,156.14059736903673
9.59,198.16457544810268
9.6,237.6366366483398
9.61,269.8045336006443
9.62,291.21647022550496
9.63,300.02081469431
9.64,295.941000279022
9.65,280.0149659259314
9.66,254.26008046935897
9.67,221.43059464172123
9.68,184.9139353149608
9.69,148.61900075478746
9.7,116.61402729037589
9.71,92.39995900063124
9.72,77.98533923022089
9.73,73.14055961447912
9.74,75.2007123349145
9.75,79.58992446818326
9.76,80.98179926102482
9.77,74.78873696163733
9.78,58.54696598554677
9.79,32.7713857616907
9.8,0.991405346607788
9.81,-31.092486305069226
9.82,-57.1212482684654
9.83,-71.81187344902467
9.84,-72.3655417753852
9.85,-59.0969237334643
9.86,-35.095651968834915
9.87,-5.066790805792581
9.88,26.2065056850883
9.89,55.191656419395954
9.9,80.2388783172466
9.91,101.3602702150425
9.92,119.40629824138028
9.93,135.1460587280237
9.94,148.72138863296593
9.95,159.66122556627002
9.96,167.30310885977502
9.97,171.27414515400153
9.98,171.71331830198443
9.99,169.1072007842594
10.0,163.83565212601675
10.01,155.6752122235589
10.02,143.53744753740747
10.03,125.64062459332774
10.04,100.15818072989153
10.05,66.18601090574673
10.06,24.684377944627904
10.07,-21.02308774931613
10.08,-65.50280713048534
10.09,-102.25310179549312
10.1,-125.23877209255623
10.11,-130.3934049084028
10.12,-116.56376840608274
10.13,-85.60166405761053
10.14,-41.64829719113715
10.15,10.055376235710394
10.16,64.37330706398522
10.17,117.11033018848084
10.18,165.32695546869854
10.19,207.23877588720615
10.2,241.94957574619943
10.21,269.24042519666847
10.22,289.4928196238709
10.23,303.66709251697154
10.24,313.1866295969819
10.25,319.6429308723021
10.26,324.397962837818
10.27,328.2939159885502
10.28,331.663480248408
10.29,334.66201349872307
10.3,337.7346571953401
10.31,341.9134473130166
10.32,348.67171465060073
10.33,359.2476034548002
10.34,373.6304306517204
10.35,389.65887506583863
10.36,402.76229473606026
10.37,406.69728862162043
10.38,395.2183582370917
10.39,364.1508066901838
10.4,313.0764337313403
10.41,245.96668465671812
10.42,170.5137990293163
10.43,96.3683849221322
10.44,32.80775769794128
10.45,-13.510562098031484
10.46,-40.095538136690365
10.47,-49.045680627004394
10.48,-46.233445329927264
10.49,-39.49381142847811
10.5,-36.35812317155093
10.51,-41.996245824365744
10.52,-57.92905891909895
10.53,-81.81292273939471
10.54,-108.28745221544159
10.55,-130.59691995358696
10.56,-142.49884138318623
10.57,-139.91517895441706
10.58,-121.8858144358293
10.59,-90.61431845330256
10.6,-50.68357763042434
10.61,-7.780433032209886
10.62,32.60791553254093
10.63,66.15565332808907
10.64,90.18637502854952
10.65,103.76043348004491
10.66,107.50252663312804
10.67,103.28459739882976
10.68,93.84462974866021
10.69,82.40161671807337
10.7,72.2988610994788
10.71,66.67406161379643
10.72,68.14383190383602
10.73,78.50696324004316
10.74,98.4912955976561
10.75,127.57928136376908
10.76,163.94961909647276
10.77,204.569293456289
10.78,245.4613795868122
10.79,282.1542449492312
10.8,310.27778835732033
10.81,326.213896078973
10.82,327.6585762281992
10.83,313.9503546230645
10.84,286.08128042111747
10.85,246.41328211934226
10.86,198.22169379676922
10.87,145.22463108163888
10.88,91.21702077374506
10.89,39.846300554464854
10.9,-5.516429393086688
10.91,-41.91792319569911
10.92,-67.09544679157916
10.93,-79.92223753457084
10.94,-80.91496293711171
10.95,-72.55130500102372
10.96,-59.12944772253209
10.97,-46.05135860525102
10.98,-38.64842250415242
10.99,-40.860762813596374
11.0,-54.159540508115896
11.01,-77.06055221220635
11.02,-105.4239343321909
11.03,-133.4929073005051
11.04,-155.37666648462871
11.05,-166.53968381622715
11.06,-164.8777315109256
11.07,-151.10595575244488
11.08,-128.38253187728944
11.09,-101.28517347838864
11.1,-74.41297425107801
11.11,-50.98470286258279
11.12,-31.833095430009692
11.13,-15.125608612868973
11.14,3.0453873042200255
11.15,27.328444124216652
11.16,61.41181284918365
11.17,106.47198535559153
11.18,160.27360171326342
11.19,217.25127353725517
11.2,269.61000991677844
11.21,309.1447346014537
11.22,329.2233295367748
11.23,326.31795378712155
11.24,300.64310926195054
11.25,255.7860120999115
11.26,197.5519614573502
11.27,132.47418248932348
11.28,66.48476904501685
11.29,4.098995549756257
11.3,-51.800460850888165
11.31,-99.74220837482046
11.32,-139.27885859165346
11.33,-170.65016253605376
11.34,-194.58486398072142
11.35,-212.2306703141851
11.36,-225.15519791055036
11.37,-235.33229956175063
11.38,-245.00524737194473
11.39,-256.338350474808
11.4,-270.87314853706897
11.41,-288.9655214356166
11.42,-309.4792276862592
11.43,-329.94243192996475
11.44,-347.1643300583893
11.45,-358.1003796815895
11.46,-360.6565476572828
11.47,-354.1532988946114
11.48,-339.30903734330593
11.49,-317.805406997577
11.5,-291.66829731968176
11.51,-262.7452533877896
11.52,-232.47081345390046
11.53,-201.95189478148154
11.54,-172.25468227229635
11.55,-144.69037774694883
11.56,-120.91271138334311
11.57,-102.74493044310849
11.58,-91.78903875808132
11.59,-88.97293582093363
11.6,-94.22903241531112
11.61,-106.45294051353876
11.62,-123.76721695539676
11.63,-143.97243065520362
11.64,-164.99514787817571
11.65,-185.18242718613865
11.66,-203.4039925343529
11.67,-219.02100898965023
11.68,-231.81202465033735
11.69,-241.92304422172296
11.7,-249.85921466142608
11.71,-256.47901990790797
11.72,-262.91893075636455
11.73,-270.4002226598269
11.74,-279.94086294839565
11.75,-292.06603088788484
11.76,-306.63670584979934
11.77,-322.87610060468916
11.78,-339.5801570310071
11.79,-355.4075082456745
11.8,-369.12589214679485
11.81,-379.7547779697383
11.82,-386.6206404751575
11.83,-389.36631607698763
11.84,-387.93377334211937
11.85,-382.5195690181864
11.86,-373.506903492397
11.87,-361.38790011975715
11.88,-346.688681245467
11.89,-329.90977718044786
11.9,-311.5070363463066
11.91,-291.9481315978777
11.92,-271.8530948981846
11.93,-252.15538483912334
11.94,-234.15731741159283
11.95,-219.3754647737737
11.96,-209.18172030482978
11.97,-204.36584630594868
11.98,-204.79588647325124
11.99,-209.31255799763426
12.0,-215.89525616353097
12.01,-222.040012096538
12.02,-225.24490010349015
12.03,-223.50944455162374
12.04,-215.77975603906654
12.05,-202.2767846175887
12.06,-184.63391301961886
12.07,-165.7609738629483
12.08,-149.37028801085532
12.09,-139.1786419265511
12.1,-137.93690023047077
12.11,-146.566727955768
12.12,-163.708030757404
12.13,-185.87085586300867
12.14,-208.19407565183388
12.15,-225.62136600489123
12.16,-234.17493196839794
12.17,-231.97092491340914
12.18,-219.68684889228743
12.19,-200.35234255947375
12.2,-178.54886768853393
12.21,-159.28471898208696
12.22,-146.8726154275866
12.23,-144.06656428473116
12.24,-151.5913661649115
12.25,-168.11020734904224
12.26,-190.63023601067374
12.27,-215.27895339694126
12.28,-238.27046337954317
12.29,-256.79334651096144
12.3,-269.5705791015416
12.31,-276.9518165459163
12.32,-280.54143629034934
12.33,-282.5145946431576
12.34,-284.8864848256924
12.35,-288.9954018087175
12.36,-295.3173395271615
12.37,-303.5515422525811
12.38,-312.83067847104445
12.39,-321.9427542413
12.4,-329.5321531428758
12.41,-334.2967684309245
12.42,-335.19613748865214
12.43,-331.6545818100374
12.44,-323.70702732835315
12.45,-312.0088815525239
12.46,-297.6485916920719
12.47,-281.79128920800133
12.48,-265.2975580323396
12.49,-248.4978064896118
12.5,-231.21862279580998
12.51,-213.024556288409
12.52,-193.55147137104973
12.53,-172.79672407110237
12.54,-151.27259114557046
12.55,-129.98595680739285
12.56,-110.25468638457095
12.57,-93.40731687311519
12.58,-80.44572778384926
12.59,-71.77109936622746
12.6,-67.05886615999715
12.61,-65.31739793384989
12.62,-65.10764462716945
12.63,-64.86449209970048
12.64,-63.24465485823062
12.65,-59.41882245400725
12.66,-53.22989009294393
12.67,-45.163835307300694
12.68,-36.125535763792136
12.69,-27.07537131253658
12.7,-18.65329048050264
12.71,-10.954858988051077
12.72,-3.5755037819466797
12.73,4.09501105756837
12.74,12.484658655132538
12.75,21.559203067250493
12.76,30.77250608180259
12.77,39.22831077770011
12.78,45.93155179691688
12.79,50.00040359863192
12.8,50.780338876060966
12.81,47.88510185073931
12.82,41.233350883069676
12.83,31.12851434192464
12.84,18.35142864517509
12.85,4.158874163012999
12.86,-9.91245425580401
12.87,-22.426262977855185
12.88,-32.46344339105342
12.89,-39.87350563715996
12.9,-45.23082032717732
12.91,-49.510520477304325
12.92,-53.63031479517762
12.93,-58.06484146065491
12.94,-62.702505289472285
12.95,-66.99033223150062
12.96,-70.26368569629139
12.97,-72.07335734824949
12.98,-72.34976223889535
12.99,-71.35346341049285
13.0,-69.47327746526555
13.01,-66.98474841594818
13.02,-63.87015091515861
13.03,-59.75821260957604
13.04,-53.99173756508124
13.05,-45.78881571301833
13.06,-34.43853023711947
13.07,-19.466653382763965
13.08,-0.7222556910908355
13.09,21.625731150386393
13.1,47.14714813897505
13.11,75.20444399764432
13.12,104.95539292810948
13.13,135.30571711723846
13.14,164.86561745314702
13.15,191.98679751051884
13.16,214.93113105319367
13.17,232.16000329815796
13.18,242.66389049860103
13.19,246.21270551749726
13.2,243.42912764785834
13.21,235.65936272263755
13.22,224.68640360925542
13.23,212.3628237467791
13.24,200.24663351284195
13.25,189.32591308309173
13.26,179.90519093472423
13.27,171.68321894205246
13.28,163.99082478929154
13.29,156.107899478916
13.3,147.5586646397779
13.31,138.29522555598743
13.32,128.71444082788489
13.33,119.50849462515228
13.34,111.41402076120171
13.35,104.96413761590196
13.36,100.33564039854915
13.37,97.33662328052861
13.38,95.52550728992145
13.39,94.39759712093532
13.4,93.53950935882425
13.41,92.6741964716398
13.42,91.60039116371532
13.43,90.10772583292324
13.44,87.95503863302447
13.45,84.93580452154265
13.46,80.9880798975873
13.47,76.28855350291464
13.48,71.29038762617226
13.49,66.68688397867248
13.5,63.29568604761697
13.51,61.87471054755244
13.52,62.91282663631166
13.53,66.4700367029545
13.54,72.1381131864378
13.55,79.14091839532298
13.56,86.52911141268275
13.57,93.39305149828016
13.58,99.03035169869244
13.59,103.03916018972423
13.6,105.34264480903256
13.61,106.16760107112006
13.62,105.99248974455261
13.63,105.46180327518603
13.64,105.25914902056874
13.65,105.9508471188108
13.66,107.84518711013968
13.67,110.92992927528506
13.68,114.92040393428279
13.69,119.38422223478338
13.7,123.86498201805368
13.71,127.94789889515309
13.72,131.2683529760113
13.73,133.4974072970718
13.74,134.32618487592927
13.75,133.45526341519752
13.76,130.6089896842887
13.77,125.60806146410563
13.78,118.50368163682064
13.79,109.7187220580049
13.8,100.10938287100574
13.81,90.87753054257583
13.82,83.31606459367327
13.83,78.44378760475826
13.84,76.6598173559012
13.85,77.57080394055896
13.86,80.08278445514428
13.87,82.736353640481
13.88,84.17138182935551
13.89,83.57395643743266
13.9,80.96995994526586
13.91,77.26565525598416
13.92,73.99420335036284
13.93,72.81273068885297
13.94,74.89575434468378
13.95,80.44489805222939
13.96,88.52441892744432
13.97,97.31535776648418
13.98,104.7032100616362
13.99,108.9641685499117
14.0,109.27541084951116
14.01,105.86880488336027
14.02,99.81470999158917
14.03,92.56318548311621
14.04,85.42915884670555
14.05,79.20133488594105
14.06,74.0066896054024
14.07,69.4693802327965
14.08,65.07367962002749
14.09,60.53596143508613
14.1,55.98933974722739
14.11,51.90737002173057
14.12,48.86363476301914
14.13,47.31681287413219
14.14,47.56105994810857
14.15,49.837932768924006
14.16,54.478103056073735
14.17,61.916738996803716
14.18,72.52079108122048
14.19,86.30667916638029
14.2,102.70434811376583
14.21,120.49450503309593
14.22,137.9613929584427
14.23,153.2273953809136
14.24,164.67833285549685
14.25,171.3461774491722
14.26,173.1163887137763
14.27,170.68978802745917
14.28,165.32588366398585
14.29,158.4758698671453
14.3,151.441650266748
14.31,145.15768835087567
14.32,140.1109074401753
14.33,136.35586484138588
14.34,133.5903418637661
14.35,131.2904180276705
14.36,128.8942418312198
14.37,125.97381879385159
14.38,122.31573326710189
14.39,117.88276450365645
14.4,112.70907368199792
14.41,106.8212646129113
14.42,100.2391727153784
14.43,93.02853475880329
14.44,85.33275709352978
14.45,77.34207020044046
14.46,69.22326998764139
14.47,61.06584146732258
14.48,52.879814970768
14.49,44.63850165710815
14.5,36.33715671936283
14.51,28.045325016477463
14.52,19.9417108796002
14.53,12.322021022714445
14.54,5.576034867443146
14.55,0.14603576631135182
14.56,-3.5154606951954435
14.57,-4.987268966978576
14.58,-3.935083946964468
14.59,-0.185076445440842
14.6,6.205942730141393
14.61,14.91852641745058
14.62,25.41135124952701
14.63,37.05798787581923
14.64,49.35927095121711
14.65,62.13694138546574
14.66,75.57685128730975
14.67,90.05654922096313
14.68,105.82828674815381
14.69,122.71873164179236
14.7,139.98731122751454
14.71,156.39723847538014
14.72,170.46231802202257
14.73,180.77194026167405
14.74,186.2851847935117
14.75,186.52454951519059
14.76,181.65547480617505
14.77,172.4676615907025
14.78,160.2744363946186
14.79,146.7418626690236
14.8,133.66284135705246
14.81,122.69986968595084
14.82,115.13267277133048
14.83,111.65768718184906
14.84,112.28208704662089
14.85,116.33966822648598
14.86,122.6404966948913
14.87,129.73515366714648
14.88,136.2159113694016
14.89,140.93995553428192
14.9,143.10960794377837
14.91,142.2551287245353
14.92,138.22482256309954
14.93,131.23760884297582
14.94,121.96086238716599
14.95,111.53046842912956
14.96,101.44485249325712
14.97,93.31118101250028
14.98,88.48741547658075
14.99,87.73232429111313
15.0,90.9996320005005
15.01,97.4610470902645
15.02,105.74864712367011
15.03,114.33022048220934
15.04,121.89741260025285
15.05,127.64761894592358
15.06,131.37492875825245
15.07,133.35913317638503
15.08,134.12856837293887
15.09,134.21574353089983
15.1,133.99692428131945
15.11,133.63897001312472
15.12,133.12064493447207
15.13,132.2799568055129
15.14,130.85902896223334
15.15,128.54969538753005
15.16,125.06042960194489
15.17,120.2116351820419
15.18,114.03176117428586
15.19,106.81187287524396
15.2,99.10404063241083
15.21,91.68107443190235
15.22,85.46370623018854
15.23,81.38720554790356
15.24,80.188707032143
15.25,82.16425675456853
15.26,87.00662075676408
15.27,93.82244793821067
15.28,101.34071696682781
15.29,108.22664482963944
15.3,113.37275114816292
15.31,116.07127887388451
15.32,116.04701110538053
15.33,113.39372581463932
15.34,108.47701912795728
15.35,101.84497187984823
15.36,94.1546718272221
15.37,86.1009950906814
15.38,78.33234883515765
15.39,71.35285553338673
15.4,65.43067274390428
15.41,60.54687920812228
15.42,56.423258776736375
15.43,52.65212162332878
15.44,48.906617462455294
15.45,45.14920048597497
15.46,41.725060309973365
15.47,39.26494280357886
15.48,38.41654803272932
15.49,39.520223663848405
15.5,42.382709150326555
15.51,46.25739081013929
15.52,50.03951781630873
15.53,52.590445714771796
15.54,53.06351812784682
15.55,51.12490432421173
15.56,47.02208253504172
15.57,41.510648963337516
15.58,35.67641304310678
15.59,30.689343307769335
15.6,27.52643036344837
15.61,26.71534841609932
15.62,28.168028876697715
15.63,31.167713797482246
15.64,34.52946607076611
15.65,36.89228440092903
15.66,37.05761190400289
15.67,34.274214382561496
15.68,28.377190645593693
15.69,19.73307092661197
15.7,9.031296039790712
15.71,-2.953504957994862
15.72,-15.502051952861674
15.73,-27.963272454612937
15.74,-39.717919100559236
15.75,-50.189768295987804
15.76,-58.921774551664804
15.77,-65.6522712121811
15.78,-70.32585892497983
15.79,-73.0396574736762
15.8,-73.97747660837412
15.81,-73.37402400838091
15.82,-71.50344251596914
15.83,-68.65587038304834
15.84,-65.08093974833248
15.85,-60.925560896964
15.86,-56.230240556238414
15.87,-51.02481390842868
15.88,-45.48220204267289
15.89,-40.01922450377696
15.9,-35.25310078172902
15.91,-31.827800859473165
15.92,-30.227695729836835
15.93,-30.703041331469244
15.94,-33.333460764974824
15.95,-38.1449403083364
15.96,-45.17294083764772
15.97,-54.42544988170156
15.98,-65.76860218667586
15.99,-78.79833596296689
16.0,-92.7839634072286
16.01,-106.75585551294662
16.02,-119.73602953575147
16.03,-131.01655994946015
16.04,-140.35240361027624
16.05,-147.9832278659329
16.06,-154.49213460853937
16.07,-160.57843062020268
16.08,-166.8342178591275
16.09,-173.59200870910692
16.1,-180.8782481866855
16.11,-188.4642104023226
16.12,-195.96235660682513
16.13,-202.91222459720316
16.14,-208.84021988802002
16.15,-213.30949645872178
16.16,-215.96842430209827
16.17,-216.5917599374914
16.18,-215.11330148509964
16.19,-211.65054912687702
16.2,-206.51117255357772
16.21,-200.17664138014615
16.22,-193.28349991239068
16.23,-186.62019401075716
16.24,-181.10537671777956
16.25,-177.6743119339088
16.26,-177.04640194733062
16.27,-179.45149645152614
16.28,-184.4546101883552
16.29,-190.98902384741262
16.3,-197.61925678429446
16.31,-202.9542195354817
16.32,-206.05531619061904
16.33,-206.67967818497684
16.34,-205.2772740136396
16.35,-202.76976633904104
16.36,-200.21444619581695
16.37,-198.4782866669242
16.38,-198.02674605259435
16.39,-198.88457909040002
16.4,-200.7639209495913
16.41,-203.29061976980478
16.42,-206.21780835423488
16.43,-209.52691390288754
16.44,-213.3786079546328
16.45,-217.95029451384977
16.46,-223.24928918991034
16.47,-229.0042100097683
16.48,-234.6957774591907
16.49,-239.7073499167463
16.5,-243.51554610998875
16.51,-245.8429531297315
16.52,-246.7304290926626
16.53,-246.5152271383879
16.54,-245.7233945582887
16.55,-244.9086606042929
16.56,-244.48645394532886
16.57,-244.61652969832085
16.58,-245.17758593383732
16.59,-245.84554735108125
16.6,-246.24816967965344
16.61,-246.14549160612955
16.62,-245.57698803419203
16.63,-244.91163625298012
16.64,-244.74855430263756
16.65,-245.66704771440877
16.66,-247.9117287065688
16.67,-251.16670098443015
16.68,-254.5539572531175
16.69,-256.876654140444
16.7,-256.9947834890872
16.71,-254.16617295026998
16.72,-248.2369816901028
16.73,-239.659792327611
16.74,-229.37365426679742
16.75,-218.583516620128
16.76,-208.47240905660848
16.77,-199.9050473024659
16.78,-193.21633175462944
16.79,-188.17058158488027
16.8,-184.1087868230917
16.81,-180.21590197304897
16.82,-175.7964097286667
16.83,-170.45898135608215
16.84,-164.16396067304146
16.85,-157.15832747899336
16.86,-149.86918851593143
16.87,-142.8092246309952
16.88,-136.49345943848752
16.89,-131.34793495881266
16.9,-127.62347633086044
16.91,-125.35767097585794
16.92,-124.41460153933778
16.93,-124.58454653670661
16.94,-125.67632349610179
16.95,-127.52263181550755
16.96,-129.87373507463394
16.97,-132.25220068088652
16.98,-133.9035443415771
16.99,-133.94236561135037
17.0,-131.670842123497
17.01,-126.91722840669732
17.02,-120.19868702903982
17.03,-112.5877858089623
17.04,-105.3137137280763
17.05,-99.27428036774182
17.06,-94.68723476931342
17.07,-91.03432053000847
17.08,-87.30030527236863
17.09,-82.3821064437122
17.1,-75.50232301041115
17.11,-66.48853854989562
17.12,-55.82855683688862
17.13,-44.47979619013688
17.14,-33.510690238649836
17.15,-23.73563264825514
17.16,-15.498934152781452
17.17,-8.669073312979847
17.18,-2.800543692360183
17.19,2.631382490054094
17.2,8.015753197785893
17.21,13.472832678159019
17.22,18.82867882907927
17.23,23.698102518011083
17.24,27.65677707714443
17.25,30.447473634828764
17.26,32.123748314013156
17.27,33.04209403420222
17.28,33.699199222857935
17.29,34.51322089119204
17.3,35.67279814040116
17.31,37.11148984628055
17.32,38.58634250903361
17.33,39.81076277518814
17.34,40.59863827230787
17.35,40.98083595724732
17.36,41.256059686140354
17.37,41.95413395217975
17.38,43.7238801545949
17.39,47.19132251519091
17.4,52.84067058450417
17.41,60.94198628754318
17.42,71.51344000949987
17.43,84.30309144870489
17.44,98.80641044669211
17.45,114.35461509774127
17.46,130.2801561104813
17.47,146.11019510855203
17.48,161.70439111075834
17.49,177.26382945356428
17.5,193.1844197260101
17.51,209.79172519557503
17.52,227.05724432035228
17.53,244.4278828408408
17.54,260.86706363984536
17.55,275.1143646873621
17.56,286.07196181484363
17.57,293.1696712153513
17.58,296.5651339775939
17.59,297.09621934425303
17.6,295.9963357043357
17.61,294.47582898215404
17.62,293.32972836293396
17.63,292.7297648204266
17.64,292.2873321839907
17.65,291.34843560626433
17.66,289.36082849149363
17.67,286.12628816272706
17.68,281.850996974023
17.69,277.04942311041714
17.7,272.4126739475046
17.71,268.69258888363095
17.72,266.57521416802985
17.73,266.5142008264391
17.74,268.55246574471727
17.75,272.21110428852063
17.76,276.53194094949333
17.77,280.3157317165023
17.78,282.5044175107854
17.79,282.56224380547746
17.8,280.6929837707704
17.81,277.80459071750033
17.82,275.2436759794789
17.83,274.40929575104764
17.84,276.38351037465765
17.85,281.6858564936359
17.86,290.20427990147925
17.87,301.29961712546236
17.88,314.02281660995743
17.89,327.34506168031805
17.9,340.3220783239355
17.91,352.1820991193849
17.92,362.37420425741607
17.93,370.6114556140414
17.94,376.9227145008228
17.95,381.70127977888757
17.96,385.69707294599647
17.97,389.87907671981844
17.98,395.15422079370086
17.99,402.04446305684786
18.0,410.49073830285977
18.01,419.8975805298962
18.02,429.39128964548854
18.03,438.14476426805777
18.04,445.6051442113883
18.05,451.54344413971046
18.06,455.9586692628939
18.07,458.93464442344055
18.08,460.53446932334805
18.09,460.75918540282987
18.1,459.55710963625063
18.11,456.87045603309934
18.12,452.71047707075047
18.13,447.23701261347657
18.14,440.807374320175
18.15,433.96919158383844
18.16,427.38487185219145
18.17,421.69084900963634
18.18,417.3322293004707
18.19,414.45631157942404
18.2,412.94185794364745
18.21,412.56082066896437
18.22,413.1694320771042
18.23,414.79582013150645
18.24,417.56504749402353
18.25,421.5215462815247
18.26,426.4822054051107
18.27,432.03187844518317
18.28,437.67416280548366
18.29,443.04119171812204
18.3,448.02339548128504
18.31,452.73603818256805
18.32,457.35436209005087
18.33,461.93725347397816
18.34,466.3553842148814
18.35,470.35746136312844
18.36,473.71962869221994
18.37,476.3834337445993
18.38,478.50334278640605
18.39,480.3788879299236
18.4,482.3145823049462
18.41,484.491610214587
18.42,486.9134892650628
18.43,489.42272270886747
18.44,491.7440251674864
18.45,493.52636192319835
18.46,494.3894943320864
18.47,493.98095586113965
18.48,492.0313528258627
18.49,488.4011530182222
18.5,483.1288894560069
18.51,476.4734920856173
18.52,468.9018879888572
18.53,460.97617847806225
18.54,453.1691347536885
18.55,445.71207585509734
18.56,438.5708496032594
18.57,431.55907672283837
18.58,424.51339367892774
18.59,417.43061795032935
18.6,410.49669903142444
18.61,403.99830772441294
18.62,398.1776966039376
18.63,393.12769896217503
18.64,388.7899889762741
18.65,385.0401812958454
18.66,381.785793960167
18.67,379.0087707477986
18.68,376.7371086793578
18.69,374.9831951625844
18.7,373.70242391129415
18.71,372.79805577661074
18.72,372.1503396281129
18.73,371.6225349796695
18.74,371.0259575199451
18.75,370.08468604354977
18.76,368.4580564922184
18.77,365.82968207703493
18.78,362.0077371050527
18.79,356.96566466275425
18.8,350.7984967008527
18.81,343.6404893772386
18.82,335.62420090106156
18.83,326.92238018537626
18.84,317.8346057879122
18.85,308.83805819639764
18.86,300.54967270541187
18.87,293.6019383864939
18.88,288.4683141806566
18.89,285.29082718309985
18.9,283.7765579557904
18.91,283.21925930297033
18.92,282.6514773816328
18.93,281.0777346297942
18.94,277.7211607092591
18.95,272.224470742396
18.96,264.7528579518533
18.97,255.95128198752255
18.98,246.7362691847219
18.99,237.9712619291123
19.0,230.15708613425974
19.01,223.28857344105222
19.02,216.94424240073326
19.03,210.54822234354185
19.04,203.66757963861193
19.05,196.21768594765837
19.06,188.5081605511997
19.07,181.1268294998979
19.08,174.71333426939884
19.09,169.71206340831262
19.1,166.19509875742494
19.11,163.8020467703769
19.12,161.79071438170496
19.13,159.17199176655362
19.14,154.9080835650653
19.15,148.15061965673675
19.16,138.4749503670445
19.17,126.04790954824901
19.18,111.66281179140883
19.19,96.59471463440963
19.2,82.28169847794607
19.21,69.9185073885175
19.22,60.11364815457921
19.23,52.75318364369048
19.24,47.1234867285513
19.25,42.229053992672235
19.26,37.170471123153064
19.27,31.440623707023565
19.28,25.036236921268962
19.29,18.358655938196414
19.3,11.978759964894776
19.31,6.408123486455047
19.32,1.9894276387695584
19.33,-1.0900980378392748
19.34,-2.7521448239814705
19.35,-3.036402417782269
19.36,-2.1713297328026155
19.37,-0.632797493423711
19.38,0.8909188175437436
19.39,1.646107795486373
19.4,1.0144562240896617
19.41,-1.3207282104628328
19.42,-5.301788249526384
19.43,-10.524435631156503
19.44,-16.346127362899633
19.45,-22.057537680163893
19.46,-27.09136220953594
19.47,-31.20552842310283
19.48,-34.55273543151352
19.49,-37.58671246054247
19.5,-40.8503731093002
19.51,-44.76989177265686
19.52,-49.56290859040086
19.53,-55.26033518385166
19.54,-61.750487265433335
19.55,-68.78338853749167
19.56,-75.97614560641486
19.57,-82.90093508899342
19.58,-89.2635104306249
19.59,-95.07239586076203
19.6,-100.66905243808593
19.61,-106.5744465664352
19.62,-113.23691351216651
19.63,-120.8247547803139
19.64,-129.15641244033156
19.65,-137.7757385199922
19.66,-146.13250367698643
19.67,-153.80460460635388
19.68,-160.67259328106923
19.69,-166.9633994294551
19.7,-173.14651538331606
19.71,-179.7465555716914
19.72,-187.16280481323813
19.73,-195.55122272973105
19.74,-204.77677072687598
19.75,-214.42545309331146
19.76,-223.87477075841224
19.77,-232.42870609097287
19.78,-239.50204291124888
19.79,-244.79661717720555
19.8,-248.392090118333
19.81,-250.705477779965
19.82,-252.33657144329624
19.83,-253.86737724074342
19.84,-255.6998545727649
19.85,-257.99680464222587
19.86,-260.7406915555546
19.87,-263.8613804037926
19.88,-267.3436553210465
19.89,-271.24398326446465
19.9,-275.6183915856328
19.91,-280.4332251610744
19.92,-285.53508201728545
19.93,-290.69719431143676
19.94,-295.7035686362222
19.95,-300.4261684175857
19.96,-304.8748134360226
19.97,-309.21435284612636
19.98,-313.7388727782784
19.99,-318.78654117027924
20.0,-324.5959454027365
20.01,-331.14988792389806
20.02,-338.0885838882342
20.03,-344.75518339249504
20.04,-350.37123182815304
20.05,-354.28175478531267
20.06,-356.1882524354043
20.07,-356.29288737209714
20.08,-355.29873810715526
20.09,-354.25318110603854
20.1,-354.2804117673522
20.11,-356.2978918576873
20.12,-360.81711347840064
20.13,-367.8845797661812
20.14,-377.1515079266482
20.15,-388.01039050162615
20.16,-399.7285313830655
20.17,-411.54027899325894
20.18,-422.70644046737107
20.19,-432.5780534532733
20.2,-440.68756551156207
20.21,-446.84321202458455
20.22,-451.16889328757054
20.23,-454.05117365531515
20.24,-456.01290954135624
20.25,-457.57794082730356
20.26,-459.188921202203
20.27,-461.19649520466606
20.28,-463.88447212947244
20.29,-467.47148537227406
20.3,-472.05551536969676
20.31,-477.5231412174707
20.32,-483.4859453750972
20.33,-489.3063261303704
20.34,-494.2379219689414
20.35,-497.64425827643146
20.36,-499.19821045779764
20.37,-498.9552089170404
20.38,-497.2624786172247
20.39,-494.56684525842877
20.4,-491.23561853036483
20.41,-487.47864185230117
20.42,-483.3852279856334
20.43,-479.0209294682175
20.44,-474.5069353606039
20.45,-470.036727656667
20.46,-465.8392392794781
20.47,-462.12614759837805
20.48,-459.0477673656757
20.49,-456.6648572782965
20.5,-454.9486024435271
20.51,-453.81907996777915
20.52,-453.2010397495752
20.53,-453.04745851298446
20.54,-453.2965767737528
20.55,-453.7839012723886
20.56,-454.1838747934444
20.57,-454.0558309647845
20.58,-453.00427860099785
20.59,-450.8824109946481
20.6,-447.92859209450984
20.61,-444.7451120996031
20.62,-442.09039103682375
20.63,-440.5419634897474
20.64,-440.1726236260447
20.65,-440.41165805176166
20.66,-440.1891771793468
20.67,-438.3159099277769
20.68,-433.9342342933266
20.69,-426.858276498851
20.7,-417.6852690154162
20.71,-407.6478760398356
20.72,-398.252935621798
20.73,-390.8171951480047
20.74,-386.05648620201936
20.75,-383.87429947750553
20.76,-383.4175661182883
20.77,-383.37053404534345
20.78,-382.3939717408249
20.79,-379.58267010335834
20.8,-374.78699729286615
20.81,-368.65165961545836
20.82,-362.3201730579683
20.83,-356.9203970272019
20.84,-353.07461307174856
20.85,-350.6643841795861
20.86,-348.9346339477905
20.87,-346.8467955677505
20.88,-343.49130388091646
20.89,-338.3824079843019
20.9,-331.54818317264846
20.91,-323.42929987198306
20.92,-314.66418907001207
20.93,-305.85255347461253
20.94,-297.36668054030673
20.95,-289.25066620087614
20.96,-281.230913504518
20.97,-272.8431219495098
20.98,-263.64161927784465
20.99,-253.41208720859964
21.0,-242.2979096672092
21.01,-230.78953247598923
21.02,-219.59129736481086
21.03,-209.43113350235538
21.04,-200.88680702643364
21.05,-194.26948514789245
21.06,-189.56877112485077
21.07,-186.45939892372806
21.08,-184.38031921774407
21.09,-182.67946748929364
21.1,-180.77872733837935
21.11,-178.29516427275402
21.12,-175.07506519948635
21.13,-171.1452169633507
21.14,-166.62772181277214
21.15,-161.66530708225451
21.16,-156.3759535922814
21.17,-150.8412980109027
21.18,-145.13038642262796
21.19,-139.34004218768447
21.2,-133.6137772851604
21.21,-128.11958808060712
21.22,-123.00322169059699
21.23,-118.34047436393034
21.24,-114.09616555635343
21.25,-110.10185959558537
21.26,-106.08479926963099
21.27,-101.76514954372321
21.28,-96.9786674803733
21.29,-91.74279606950539
21.3,-86.22275878556228
21.31,-80.63704210064932
21.32,-75.18038976496905
21.33,-70.00202107649382
21.34,-65.2113897744378
21.35,-60.8631534061211
21.36,-56.909608106329856
21.37,-53.16183594371408
21.38,-49.31961011573973
21.39,-45.09343421753867
21.4,-40.37589495646381
21.41,-35.37444577678176
21.42,-30.626071915083614
21.43,-26.87096586854059
21.44,-24.831913750864846
21.45,-24.985192220746484
21.46,-27.40204170480433
21.47,-31.708568203573623
21.48,-37.1764097113002
21.49,-42.91502777913264
21.5,-48.09469032063395
21.51,-52.114504417484724
21.52,-54.65934631328214
21.53,-55.647347100027865
21.54,-55.12254518926265
21.55,-53.166250793477694
21.56,-49.87295225562951
21.57,-45.37941771008282
21.58,-39.894038737116695
21.59,-33.683201758300136
21.6,-27.01925462331198
21.61,-20.131025937745132
21.62,-13.192336911568846
21.63,-6.3518036642875275
21.64,0.21964586662065017
21.65,6.296103169204079
21.66,11.605254179023175
21.67,15.88411646423828
21.68,18.95851428528383
21.69,20.802737570088375
21.7,21.544246263056188
21.71,21.415005462197175
21.72,20.68418623776775
21.73,19.604238187307
21.74,18.37807076408872
21.75,17.146221786740632
21.76,15.99849013322653
21.77,15.0078548508724
21.78,14.26760151469665
21.79,13.910669561112451
21.8,14.103687873350811
21.81,15.014596560899378
21.82,16.75313061229733
21.83,19.298250609197744
21.84,22.44740248240243
21.85,25.81939341271065
21.86,28.915962573352147
21.87,31.22251589804158
21.88,32.31505399971609
21.89,31.935179383015548
21.9,30.007508497546763
21.91,26.60819840375637
21.92,21.92614499285464
21.93,16.257850448065778
21.94,10.03831393445786
21.95,3.8644085001921713
21.96,-1.5453396649037368
21.97,-5.475857527474672
21.98,-7.391373745320121
21.99,-7.096017915054359
22.0,-4.821125894551187
22.01,-1.202633849555657
22.02,2.8701778808464358
22.03,6.512728592273598
22.04,9.11889915694844
22.05,10.525268363592069
22.06,10.995936189523405
22.07,11.060958385036065
22.08,11.302707080532223
22.09,12.173695524502113
22.1,13.886179905708302
22.11,16.381669894231607
22.12,19.37582063063058
22.13,22.46421979636256
22.14,25.255173739038174
22.15,27.482865003117833
22.16,29.0704962371088
22.17,30.142982532556875
22.18,30.997972669868737
22.19,32.03412419154888
22.2,33.636477015104106
22.21,36.04147606466962
22.22,39.23378381075478
22.23,42.936663626555394
22.24,46.72223008937226
22.25,50.19737355302168
22.26,53.169079167294214
22.27,55.70282048554098
22.28,58.051026878340906
22.29,60.50001725434169
22.3,63.22083879542939
22.31,66.19890772159644
22.32,69.27081094843655
22.33,72.23393635580312
22.34,74.94859647438263
22.35,77.36424729631223
22.36,79.47012495050309
22.37,81.22711911934633
22.38,82.52348569964376
22.39,83.15049625150328
22.4,82.79426272680209
22.41,81.08111203265608
22.42,77.71539521241186
22.43,72.68050060518627
22.44,66.3974446367825
22.45,59.724086460106214
22.46,53.75278557149185
22.47,49.48541758385305
22.48,47.54490787975686
22.49,48.05031922603962
22.5,50.665206253765355
22.51,54.73501875314359
22.52,59.43193696672693
22.53,63.88971825770265
22.54,67.3485119627002
22.55,69.30516910656642
22.56,69.62298384706665
22.57,68.54927721622353
22.58,66.62580476465074
22.59,64.52862142070384
22.6,62.90632584379737
22.61,62.270863204075425
22.62,62.942770280107034
22.63,65.01688545852846
22.64,68.33354412199702
22.65,72.48477472926372
22.66,76.8962251240942
22.67,80.98612326202505
22.68,84.34671617756283
22.69,86.86710519298595
22.7,88.73868148464379
22.71,90.33710636788533
22.72,92.02718491378022
22.73,93.97423967884257
22.74,96.05355582578119
22.75,97.90483779725946
22.76,99.09545589343439
22.77,99.30078564453868
22.78,98.42353853955146
22.79,96.6234391290208
22.8,94.26558640357226
22.81,91.81430057672152
22.82,89.71002560759534
22.83,88.26936836510383
22.84,87.64037335426127
22.85,87.82262274960573
22.86,88.7234847976605
22.87,90.19427272594952
22.88,92.01017420591724
22.89,93.81978947920751
22.9,95.13944722816676
22.91,95.45076830211529
22.92,94.38036232104197
22.93,91.86785499863184
22.94,88.23044946428806
22.95,84.09793827455339
22.96,80.25609467799958
22.97,77.45864176559093
22.98,76.25462183005412
22.99,76.85576586354232
23.0,79.06455378181415
23.01,82.29701097520653
23.02,85.72588507501216
23.03,88.51800622846359
23.04,90.08407988517948
23.05,90.25102391252211
23.06,89.30597659912817
23.07,87.90919779956656
23.08,86.90023762195516
23.09,87.03356722163713
23.1,88.7057109944778
23.11,91.7715761812052
23.12,95.54283314550405
23.13,98.99292880964168
23.14,101.101270564494
23.15,101.20581726205852
23.16,99.22562060959662
23.17,95.66584484038731
23.18,91.40944837665255
23.19,87.39354942876382
23.2,84.31784032576401
23.21,82.50485505888264
23.22,81.93591092938132
23.23,82.38471457233022
23.24,83.54035887308866
23.25,85.06530533966723
23.26,86.6048305667185
23.27,87.79236054310152
23.28,88.28652324861966
23.29,87.85483103108378
23.3,86.48125895434913
23.31,84.4293684912594
23.32,82.19221964359231
23.33,80.33195762986013
23.34,79.29152229822976
23.35,79.266430930797
23.36,80.16760069572435
23.37,81.66363860030509
23.38,83.28994943968537
23.39,84.60989562686983
23.4,85.38268684610459
23.41,85.66700996826698
23.42,85.8099777845346
23.43,86.32538448670294
23.44,87.70966472407267
23.45,90.2617642059223
23.46,93.97032272304769
23.47,98.50414641535366
23.48,103.29530888406494
23.49,107.67269385155117
23.5,111.0087659383662
23.51,112.85975282532277
23.52,113.07970348391588
23.53,111.8791747144665
23.54,109.8005941600551
23.55,107.59810413134447
23.56,106.03718885820473
23.57,105.66750682872825
23.58,106.6513762853706
23.59,108.7181506557675
23.6,111.26071222164522
23.61,113.53386342377989
23.62,114.88607295515585
23.63,114.95256366679172
23.64,113.75104927111114
23.65,111.65272144064498
23.66,109.24181204466177
23.67,107.11040560050849
23.68,105.65336689429593
23.69,104.92971751299915
23.7,104.63975908946708
23.71,104.2328547578697
23.72,103.11571934801948
23.73,100.89018735591216
23.74,97.53146442842174
23.75,93.43443334005791
23.76,89.3061862985867
23.77,85.94853094464199
23.78,84.01809573603781
23.79,83.8499638894656
23.8,85.39539414196064
23.81,88.27920463164577
23.82,91.93997477937994
23.83,95.79022362722405
23.84,99.34127851484538
23.85,102.27001722268211
23.86,104.43132470592255
23.87,105.82935443877192
23.88,106.56613753001905
23.89,106.79350427093011
23.9,106.69206917839465
23.91,106.4810219605507
23.92,106.435164996189
23.93,106.87529760407278
23.94,108.11546687153783
23.95,110.3750286294296
23.96,113.67462906797878
23.97,117.74623250489773
23.98,122.01197371646109
23.99,125.69522204063632
24.0,128.07359234179782
24.01,128.7770621699363
24.02,127.96265372139416
24.03,126.24977396030242
24.04,124.45625899464403
24.05,123.29844913550886
24.06,123.20206677299743
24.07,124.25625402782265
24.08,126.25596953298803
24.09,128.77637688124474
24.1,131.26400181802293
24.11,133.15137445665277
24.12,133.98887231912204
24.13,133.56288069934087
24.14,131.95842150171558
24.15,129.53499634365554
24.16,126.8121777905523
24.17,124.29720651222473
24.18,122.31659844703223
24.19,120.92185158894563
24.2,119.91638422186361
24.21,118.99857644757012
24.22,117.95085320829813
24.23,116.76695131320203
24.24,115.64460748058276
24.25,114.86784383224291
24.26,114.67387515225184
24.27,115.17871108488873
24.28,116.36660069299417
24.29,118.11480527953475
24.3,120.24002149847993
24.31,122.57017273986968
24.32,125.02950151824142
24.33,127.68519011602923
24.34,130.69316448312455
24.35,134.1415079434449
24.36,137.88309407848496
24.37,141.4833952583527
24.38,144.3472625207829
24.39,145.9796680516951
24.4,146.25317480942178
24.41,145.54064017109644
24.42,144.63043365002218
24.43,144.44528882245024
24.44,145.67966220681564
24.45,148.50361558741267
24.46,152.44585193313117
24.47,156.4997740762511
24.48,159.42983202625626
24.49,160.1960388122721
24.5,158.36085623689854
24.51,154.31926570055083
24.52,149.23516470498953
24.53,144.67984015584173
24.54,142.10347773035815
24.55,142.350981233383
24.56,145.4117926901907
24.57,150.49164363258313
24.58,156.36937066026275
24.59,161.89485484734033
24.6,166.4208474218339
24.61,169.9761871255859
24.62,173.1017144413084
24.63,176.44261912277258
24.64,180.31812851425386
24.65,184.48405574366464
24.66,188.18314511120306
24.67,190.43659756472954
24.68,190.43443629918485
24.69,187.85199757079175
24.7,182.96857065470513
24.71,176.57358029971965
24.72,169.73757943573446
24.73,163.53925132387505
24.74,158.8065064628027
24.75,155.9192092702631
24.76,154.73988160171766
24.77,154.72481466419373
24.78,155.18725168359896
24.79,155.59122279812144
24.8,155.7316184168218
24.81,155.72656706707738
24.82,155.8654049772032
24.83,156.43877951172888
24.84,157.66179991442635
24.85,159.69930222813437
24.86,162.70958118246003
24.87,166.8205864484862
24.88,172.02404949130576
24.89,178.04787898068767
24.9,184.30374379273127
24.91,189.99019961225218
24.92,194.35211457747636
24.93,196.98673725109816
24.94,198.02784540057937
24.95,198.0886896442415
24.96,197.97621883678815
24.97,198.31954779027012
24.98,199.30333142437388
24.99,200.63665391649113
25.0,201.7614689996282
25.01,202.17889573262133
25.02,201.71117121008945
25.03,200.5665709356057
25.04,199.20886305024598
25.05,198.14561421994375
25.06,197.75551069215206
25.07,198.19887887995665
25.08,199.38537608097485
25.09,200.96154863113293
25.1,202.31974936760233
25.11,202.67205262581643
25.12,201.22902112998946
25.13,197.46220139725085
25.14,191.35409390828326
25.15,183.5127500851479
25.16,175.07770593444477
25.17,167.4392739085109
25.18,161.87086821616288
25.19,159.19128745435097
25.2,159.545390616371
25.21,162.35936039354877
25.22,166.49576438551426
25.23,170.57563930996827
25.24,173.35665943215264
25.25,174.018111245327
25.26,172.2545994562018
25.27,168.19597120460762
25.28,162.25937120133963
25.29,155.0329334640556
25.3,147.21821365028202
25.31,139.59417471838796
25.32,132.94196080894505
25.33,127.89020093551056
25.34,124.70744858152254
25.35,123.14376286800633
25.36,122.43557136812578
25.37,121.51407648253793
25.38,119.35120105253256
25.39,115.30732489938042
25.4,109.34293036632144
25.41,102.01416737879309
25.42,94.26174141581434
25.43,87.086686871535
25.44,81.25059711612037
25.45,77.11778287719089
25.46,74.67533965751659
25.47,73.67066819211183
25.48,73.76312622988975
25.49,74.62165873492748
25.5,75.96514022534734
25.51,77.57534638303777
25.52,79.30368061953997
25.53,81.07036971421736
25.54,82.84293873282685
25.55,84.58822454732515
25.56,86.21597298562143
25.57,87.55135003889066
25.58,88.36080230789922
25.59,88.41495288473355
25.6,87.54796532717977
25.61,85.69198549746525
25.62,82.89508104009043
25.63,79.32925047160232
25.64,75.27528158422228
25.65,71.07226495744854
25.66,67.04072177916807
25.67,63.40376606705422
25.68,60.23075702865632
25.69,57.41642720836122
25.7,54.696071578593966
25.71,51.695275639130756
25.72,48.01381514231013
25.73,43.33378758607853
25.74,37.5255945144565
25.75,30.71520206042078
25.76,23.283091593260334
25.77,15.793178419849651
25.78,8.878022546833678
25.79,3.1053447369450176
25.8,-1.1674307431029811
25.81,-3.9323920738365032
25.82,-5.600031951619678
25.83,-6.914625523096112
25.84,-8.691919012315386
25.85,-11.46712419902586
25.86,-15.224054278796967
25.87,-19.35875082778924
25.88,-22.914788339757447
25.89,-24.988452889112363
25.9,-25.12349292847992
25.91,-23.527528003459388
25.92,-21.025654460730106
25.93,-18.782300247036414
25.94,-17.923861093112418
25.95,-19.229742948143944
25.96,-22.999198669295257
25.97,-29.08724896911426
25.98,-37.02568621925552
25.99,-46.151551323089166
26.0,-55.71871575734557
26.01,-65.00489191103239
26.02,-73.42098179145322
26.03,-80.60313082188675
26.04,-86.45403165645119
26.05,-91.11316382191092
26.06,-94.86643197652148
26.07,-98.03247234257302
26.08,-100.86642085816946
26.09,-103.50344459973054
26.1,-105.9448413077785
26.11,-108.08257793988994
26.12,-109.75736305344003
26.13,-110.84242680624466
26.14,-111.33914980333566
26.15,-111.4587387815256
26.16,-111.64822562509369
26.17,-112.51739340120136
26.18,-114.65332438847683
26.19,-118.3670750663693
26.2,-123.47825947689658
26.21,-129.26876406224267
26.22,-134.6852008912223
26.23,-138.73769653613778
26.24,-140.90105088289897
26.25,-141.2897400898346
26.26,-140.5070440190411
26.27,-139.2773967392734
26.28,-138.10083360551025
26.29,-137.12848456076023
26.3,-136.28976438393445
26.31,-135.53119857484327
26.32,-134.97327233939225
26.33,-134.88253977720024
26.34,-135.50636173795905
26.35,-136.90910748385792
26.36,-138.92762153713875
26.37,-141.2633782158435
26.38,-143.63084812034637
26.39,-145.85799726845516
26.4,-147.89229177698076
26.41,-149.7440180733301
26.42,-151.43404305387162
26.43,-152.98843556323143
26.44,-154.46557469495238
26.45,-155.9625277435426
26.46,-157.56389232858157
26.47,-159.25293046918657
26.48,-160.8453525876159
26.49,-161.99588553866812
26.5,-162.28712971321247
26.51,-161.37628204267605
26.52,-159.15413296606297
26.53,-155.85296659155946
26.54,-152.04058490786556
26.55,-148.47917048627482
26.56,-145.8968607354188
26.57,-144.77121571083632
26.58,-145.21853366967707
26.59,-147.02045311949422
26.6,-149.74616827759823
26.61,-152.90393999119905
26.62,-156.07778360491417
26.63,-159.0141524577841
26.64,-161.6119040155563
26.65,-163.80704186816243
26.66,-165.44012312463124
26.67,-166.2392254137443
26.68,-165.96613060315212
26.69,-164.62889995207487
26.7,-162.5966049889968
26.71,-160.51512877030245
26.72,-159.0573983813977
26.73,-158.6491664182953
26.74,-159.32513930148832
26.75,-160.78215123551593
26.76,-162.56863214761168
26.77,-164.28037446846363
26.78,-165.6624016740984
26.79,-166.59725153167045
26.8,-167.03101373973064
26.81,-166.92120522653818
26.82,-166.26279056468343
26.83,-165.17197122581604
26.84,-163.9531549835569
26.85,-163.0931258673154
26.86,-163.17894351994764
26.87,-164.75779248463786
26.88,-168.15375811348972
26.89,-173.28530754626783
26.9,-179.58398302281992
26.91,-186.11254572025194
26.92,-191.87501526091103
26.93,-196.17975235320546
26.94,-198.87537402519092
26.95,-200.35967763881456
26.96,-201.39286812497176
26.97,-202.82667716853334
26.98,-205.34849554179308
26.99,-209.28360398345478
27.0,-214.47350267406478
27.01,-220.26564613418057
27.02,-225.65660450435118
27.03,-229.58187067645338
27.04,-231.25948587950552
27.05,-230.44266125743079
27.06,-227.47424349210053
27.07,-223.13917368039975
27.08,-218.39934624046768
27.09,-214.1197542131356
27.1,-210.8742496943145
27.11,-208.88463697671895
27.12,-208.09640643058478
27.13,-208.32844663464132
27.14,-209.39233193542117
27.15,-211.1010037279889
27.16,-213.16970025634578
27.17,-215.10342776657689
27.18,-216.20021365468176
27.19,-215.73581701304587
27.2,-213.26622707185635
27.21,-208.88796049692283
27.22,-203.3056254560083
27.23,-197.6565401568752
27.24,-193.16113410436424
27.25,-190.7384563889135
27.26,-190.72588993022126
27.27,-192.79227881460923
27.28,-196.06509677685517
27.29,-199.4220192099886
27.3,-201.84126823077122
27.31,-202.69002704942608
27.32,-201.8676134227918
27.33,-199.78166027238876
27.34,-197.1825109327589
27.35,-194.90921839535233
27.36,-193.62486315768146
27.37,-193.62845201725554
27.38,-194.80141608384102
27.39,-196.68928046239014
27.4,-198.67295337446737
27.41,-200.16731175971194
27.42,-200.7828567574834
27.43,-200.3929688439604
27.44,-199.0836269540046
27.45,-197.0259371100953
27.46,-194.35775963372762
27.47,-191.14275786745193
27.48,-187.41226746193334
27.49,-183.246552168807
27.5,-178.84074495628423
27.51,-174.51190541376806
27.52,-170.6329290829965
27.53,-167.52562393975953
27.54,-165.37429092455807
27.55,-164.19784282341757
27.56,-163.86824909727056
27.57,-164.14169496346764
27.58,-164.68685843855994
27.59,-165.1199161735816
27.6,-165.06319861438243
27.61,-164.2261687991065
27.62,-162.47531903406312
27.63,-159.85204813057723
27.64,-156.53555695213777
27.65,-152.7900084007256
27.66,-148.92978901597476
27.67,-145.29826129764163
27.68,-142.2372100056918
27.69,-140.03919308650154
27.7,-138.8970033197656
27.71,-138.87670623856272
27.72,-139.93539593276907
27.73,-141.9734292565457
27.74,-144.87391174508272
27.75,-148.4858944753303
27.76,-152.56275326477615
27.77,-156.72191922945748
27.78,-160.48952891243835
27.79,-163.43557098541157
27.8,-165.33926094590848
27.81,-166.29070886291655
27.82,-166.65497562469344
27.83,-166.9017566003833
27.84,-167.393679035598
27.85,-168.2530211140268
27.86,-169.36712792792417
27.87,-170.5028191475009
27.88,-171.44657465497804
27.89,-172.08922748828311
27.9,-172.41478286044904
27.91,-172.4150471873465
27.92,-172.00940279070298
27.93,-171.05146237908463
27.94,-169.42634430718468
27.95,-167.14947319115194
27.96,-164.36991306400168
27.97,-161.26943812936878
27.98,-157.94294329259318
27.99,-154.3576554510632
28.0,-150.4123153597236
28.01,-146.02707418491983
28.02,-141.17630701782772
28.03,-135.84594573625265
28.04,-129.97989693244227
28.05,-123.49079293220937
28.06,-116.34554651559426
28.07,-108.66848581208136
28.08,-100.79414441304078
28.09,-93.24301915808988
28.1,-86.63904507953693
28.11,-81.59616334476706
28.12,-78.58040339410562
28.13,-77.75436852015946
28.14,-78.85722632704623
28.15,-81.21219420734495
28.16,-83.91340695653936
28.17,-86.13368548502548
28.18,-87.4040889796634
28.19,-87.7219085823517
28.2,-87.44263540505573
28.21,-87.03524464788487
28.22,-86.85017042621777
28.23,-87.024121182742
28.24,-87.54163427544108
28.25,-88.35884131262509
28.26,-89.45754587844414
28.27,-90.77363955294975
28.28,-92.07083880249624
28.29,-92.89510118265416
28.3,-92.68884287295347
28.31,-91.01771801712526
28.32,-87.7742432312081
28.33,-83.24024290569281
28.34,-77.98670501598515
28.35,-72.67813260954749
28.36,-67.8735642099425
28.37,-63.893025550601806
28.38,-60.78296558828667
28.39,-58.37856986505516
28.4,-56.421038914495824
28.41,-54.658320707061634
28.42,-52.87173937588691
28.43,-50.83341692683549
28.44,-48.25837434063103
28.45,-44.816424586768385
28.46,-40.21975232244189
28.47,-34.348885535528915
28.48,-27.35115259890428
28.49,-19.649037418048213
28.5,-11.83675660584112
28.51,-4.507509110523439
28.52,1.9054266308670953
28.53,7.20544132245235
28.54,11.411163361062224
28.55,14.67395909696188
28.56,17.198994511801462
28.57,19.216457560916275
28.58,20.994719236342526
28.59,22.8458335411272
28.6,25.083719203537193
28.61,27.939490712253154
28.62,31.476676527631938
28.63,35.558005175273514
28.64,39.89077713079367
28.65,44.13457369822615
28.66,48.02316386546784
28.67,51.44985710394268
28.68,54.485286294452926
28.69,57.326180161591004
28.7,60.20466460663046
28.71,63.304828141831585
28.72,66.7205110566653
28.73,70.45273669538444
28.74,74.41959510419535
28.75,78.46117545198666
28.76,82.35341260198503
28.77,85.85600923828522
28.78,88.79415431374336
28.79,91.14132451270551
28.8,93.06269882644855
28.81,94.89374942220769
28.82,97.0532798880502
28.83,99.91793531795084
28.84,103.70311469853728
28.85,108.390486163813
28.86,113.72125276336058
28.87,119.25328305980084
28.88,124.46697606181503
28.89,128.8966903224482
28.9,132.25627645927662
28.91,134.5199127203625
28.92,135.92482703012217
28.93,136.89042790157256
28.94,137.8871854473665
28.95,139.3099884087239
28.96,141.4023761473451
28.97,144.25196097379597
28.98,147.84255895239536
28.99,152.11198121805967
29.0,156.95682086132103
29.01,162.17536052159585
29.02,167.41279238244374
29.03,172.1902873090591
29.04,176.0360381138466
29.05,178.65452798035466
29.06,180.03857813919655
29.07,180.46067930614225
29.08,180.35078017952594
29.09,180.1333693695244
29.1,180.1112962039916
29.11,180.4387190594246
29.12,181.16234679476293
29.13,182.28165202122744
29.14,183.80024828249796
29.15,185.7757280356581
29.16,188.3756623551815
29.17,191.90817626138104
29.18,196.76743859899733
29.19,203.27338359986132
29.2,211.47420757469533
29.21,221.02994712514453
29.22,231.25008107624004
29.23,241.2661192349495
29.24,250.26512977299933
29.25,257.70961181668645
29.26,263.48300559455083
29.27,267.9102442300592
29.28,271.6284493021757
29.29,275.3334271036494
29.3,279.4849598284099
29.31,284.08847034683765
29.32,288.65282777555507
29.33,292.34676953047244
29.34,294.28039364161697
29.35,293.7878929459203
29.36,290.6103443485565
29.37,284.9421476413864
29.38,277.3629174049971
29.39,268.70208748488875
29.4,259.8767533257534
29.41,251.72485858977296
29.42,244.85380074525443
29.43,239.54113509190776
29.44,235.7265368314738
29.45,233.1013028087551
29.46,231.2552805979233
29.47,229.81569894849318
29.48,228.52081797196166
29.49,227.20879481003175
29.5,225.7520766647696
29.51,223.99660558311695
29.52,221.7484493201121
29.53,218.80824916109555
29.54,215.02762931999794
29.55,210.36114625918455
29.56,204.89368715319074
29.57,198.8306679332157
29.58,192.4552512770909
29.59,186.07415542884394
29.6,179.96937957119874
29.61,174.35162737815995
29.62,169.30613965456487
29.63,164.7457908369806
29.64,160.40726464113112
29.65,155.9123195728796
29.66,150.87964129143265
29.67,145.0461139614669
29.68,138.35218083406147
29.69,130.95931104988475
29.7,123.19432906044682
29.71,115.44676921478191
29.72,108.06197661341919
29.73,101.26382981802432
29.74,95.11992968144952
29.75,89.54766471331135
29.76,84.35465823625734
29.77,79.30338870550129
29.78,74.1827341491341
29.79,68.86426832691406
29.8,63.32660197794384
29.81,57.645077884676844
29.82,51.95625599190459
29.83,46.411778910587806
29.84,41.1365198567804
29.85,36.20286122231417
29.86,31.62680294407591
29.87,27.384030803565814
29.88,23.437266877829327
29.89,19.762346870076936
29.9,16.361744508261967
29.91,13.261215572998818
29.92,10.494593690531733
29.93,8.0873315820674
29.94,6.047243519326908
29.95,4.3637567651149896
29.96,3.0110783663024008
29.97,1.9495963278804203
29.98,1.122720905572044
29.99,0.45042626511423006
