<?xml version='1.0' encoding='UTF-8'?>
<FDSNStationXML xmlns="http://www.fdsn.org/xml/station/1" schemaVersion="1.2">
  <Source>IRIS-DMC</Source>
  <Sender>IRIS-DMC</Sender>
  <Module>IRIS WEB SERVICE: fdsnws-station | version: 1.1.52</Module>
  <ModuleURI>http://service.iris.edu/fdsnws/station/1/query?starttime=1973-02-09T08%3A05%3A00.030037&amp;endtime=1973-02-09T09%3A08%3A59.879094&amp;network=XA&amp;station=S16&amp;location=00&amp;channel=MH2&amp;level=response</ModuleURI>
  <Created>2024-10-04T01:40:30.590500Z</Created>
  <Network code="XA" startDate="1969-01-01T00:00:00.000000Z" endDate="1977-12-31T23:59:59.999900Z" restrictedStatus="open">
    <Description>Apollo Passive Seismic Experiments (Apollo)</Description>
    <Identifier type="DOI">10.7914/SN/XA_1969
   </Identifier>
    <TotalNumberStations>5</TotalNumberStations>
    <SelectedNumberStations>1</SelectedNumberStations>
    <Station code="S16" startDate="1972-04-21T20:20:00.000000Z" endDate="1977-09-30T18:50:00.000000Z" restrictedStatus="open">
      <Comment>
        <Value>Sensors responses contain nominal values.</Value>
        <BeginEffectiveTime>1972-04-21T20:20:00.000000Z</BeginEffectiveTime>
        <EndEffectiveTime>1977-09-30T18:50:00.000000Z</EndEffectiveTime>
      </Comment>
      <Latitude unit="DEGREES">-8.97577</Latitude>
      <Longitude unit="DEGREES">15.49649</Longitude>
      <Elevation>7.0</Elevation>
      <Site>
        <Name>ALSEP 16, Descartes, Moon</Name>
      </Site>
      <CreationDate>1972-04-21T20:20:00.000000Z</CreationDate>
      <TotalNumberChannels>17</TotalNumberChannels>
      <SelectedNumberChannels>1</SelectedNumberChannels>
      <Channel code="MH2" startDate="1972-04-21T20:20:00.000000Z" endDate="1977-09-30T18:50:00.000000Z" restrictedStatus="open" locationCode="00">
        <Comment>
          <Value>Peak Mode</Value>
          <BeginEffectiveTime>1972-04-21T20:20:00.000000Z</BeginEffectiveTime>
        </Comment>
        <Latitude unit="DEGREES">-8.97577</Latitude>
        <Longitude unit="DEGREES">15.49649</Longitude>
        <Elevation>7.0</Elevation>
        <Depth>0.0</Depth>
        <Azimuth unit="DEGREES">64.5</Azimuth>
        <Dip unit="DEGREES">0.0</Dip>
        <Type>CONTINUOUS</Type>
        <Type>GEOPHYSICAL</Type>
        <SampleRate unit="SAMPLES/S">6.625</SampleRate>
        <ClockDrift unit="SECONDS/SAMPLE">0.0001</ClockDrift>
        <Sensor>
          <Description>Apollo PSE Alsep Seismometer</Description>
        </Sensor>
        <Response>
          <InstrumentSensitivity>
            <Value>3579160000.0</Value>
            <Frequency>1.0</Frequency>
            <InputUnits>
              <Name>M</Name>
              <Description>Displacement</Description>
            </InputUnits>
            <OutputUnits>
              <Name>COUNTS</Name>
              <Description>Counts</Description>
            </OutputUnits>
          </InstrumentSensitivity>
          <Stage number="1">
            <PolesZeros>
              <InputUnits>
                <Name>M</Name>
                <Description>Displacement</Description>
              </InputUnits>
              <OutputUnits>
                <Name>COUNTS</Name>
                <Description>Counts</Description>
              </OutputUnits>
              <PzTransferFunctionType>LAPLACE (RADIANS/SECOND)</PzTransferFunctionType>
              <NormalizationFactor>28886900.0</NormalizationFactor>
              <NormalizationFrequency unit="HERTZ">1.0</NormalizationFrequency>
              <Zero number="0">
                <Real minusError="0.0" plusError="0.0">0.0</Real>
                <Imaginary minusError="0.0" plusError="0.0">0.0</Imaginary>
              </Zero>
              <Zero number="1">
                <Real minusError="0.0" plusError="0.0">0.0</Real>
                <Imaginary minusError="0.0" plusError="0.0">0.0</Imaginary>
              </Zero>
              <Zero number="2">
                <Real minusError="0.0" plusError="0.0">0.0</Real>
                <Imaginary minusError="0.0" plusError="0.0">0.0</Imaginary>
              </Zero>
              <Pole number="0">
                <Real minusError="0.0" plusError="0.0">-0.356047</Real>
                <Imaginary minusError="0.0" plusError="0.0">2.83702</Imaginary>
              </Pole>
              <Pole number="1">
                <Real minusError="0.0" plusError="0.0">-0.356047</Real>
                <Imaginary minusError="0.0" plusError="0.0">-2.83702</Imaginary>
              </Pole>
              <Pole number="2">
                <Real minusError="0.0" plusError="0.0">-0.0628319</Real>
                <Imaginary minusError="0.0" plusError="0.0">0.0</Imaginary>
              </Pole>
              <Pole number="3">
                <Real minusError="0.0" plusError="0.0">-8.06237</Real>
                <Imaginary minusError="0.0" plusError="0.0">3.33954</Imaginary>
              </Pole>
              <Pole number="4">
                <Real minusError="0.0" plusError="0.0">-8.06237</Real>
                <Imaginary minusError="0.0" plusError="0.0">-3.33954</Imaginary>
              </Pole>
              <Pole number="5">
                <Real minusError="0.0" plusError="0.0">-8.06237</Real>
                <Imaginary minusError="0.0" plusError="0.0">3.33954</Imaginary>
              </Pole>
              <Pole number="6">
                <Real minusError="0.0" plusError="0.0">-8.06237</Real>
                <Imaginary minusError="0.0" plusError="0.0">-3.33954</Imaginary>
              </Pole>
              <Pole number="7">
                <Real minusError="0.0" plusError="0.0">-3.33954</Real>
                <Imaginary minusError="0.0" plusError="0.0">8.06237</Imaginary>
              </Pole>
              <Pole number="8">
                <Real minusError="0.0" plusError="0.0">-3.33954</Real>
                <Imaginary minusError="0.0" plusError="0.0">-8.06237</Imaginary>
              </Pole>
              <Pole number="9">
                <Real minusError="0.0" plusError="0.0">-3.33954</Real>
                <Imaginary minusError="0.0" plusError="0.0">8.06237</Imaginary>
              </Pole>
              <Pole number="10">
                <Real minusError="0.0" plusError="0.0">-3.33954</Real>
                <Imaginary minusError="0.0" plusError="0.0">-8.06237</Imaginary>
              </Pole>
            </PolesZeros>
            <Decimation>
              <InputSampleRate unit="HERTZ">6.625</InputSampleRate>
              <Factor>1</Factor>
              <Offset>0</Offset>
              <Delay>0.0</Delay>
              <Correction>0.0</Correction>
            </Decimation>
            <StageGain>
              <Value>3579160000.0</Value>
              <Frequency>1.0</Frequency>
            </StageGain>
          </Stage>
        </Response>
      </Channel>
    </Station>
  </Network>
</FDSNStationXML>
